Pokedex No.,Name,Type,Other Type,HP,Attack,Defense,Special Attack,Special Defense,Speed,Total,Generation,Legendary
1,Bulbasaur,Grass,Poison,45.0,49.0,49.0,65.0,65.0,45.0,318.0,1.0,0.0
2,Ivysaur,Grass,Poison,60.0,62.0,63.0,80.0,80.0,60.0,405.0,1.0,0.0
3,Venusaur,Grass,Poison,80.0,82.0,83.0,100.0,100.0,80.0,525.0,1.0,0.0
4,Charmander,Fire,,39.0,52.0,43.0,60.0,50.0,65.0,309.0,1.0,0.0
5,Charmeleon,Fire,,58.0,64.0,58.0,80.0,65.0,80.0,405.0,1.0,0.0
6,Charizard,Fire,Flying,78.0,84.0,78.0,109.0,85.0,100.0,534.0,1.0,0.0
7,Squirtle,Water,,44.0,48.0,65.0,50.0,64.0,43.0,314.0,1.0,0.0
8,Wartortle,Water,,59.0,63.0,80.0,65.0,80.0,58.0,405.0,1.0,0.0
9,Blastoise,Water,,79.0,83.0,100.0,85.0,105.0,78.0,530.0,1.0,0.0
10,Caterpie,Bug,,45.0,30.0,35.0,20.0,20.0,45.0,195.0,1.0,0.0
11,Metapod,Bug,,50.0,20.0,55.0,25.0,25.0,30.0,205.0,1.0,0.0
12,Butterfree,Bug,Flying,60.0,45.0,50.0,90.0,80.0,70.0,395.0,1.0,0.0
13,Weedle,Bug,Poison,40.0,35.0,30.0,20.0,20.0,50.0,195.0,1.0,0.0
14,Kakuna,Bug,Poison,45.0,25.0,50.0,25.0,25.0,35.0,205.0,1.0,0.0
15,Beedrill,Bug,Poison,65.0,90.0,40.0,45.0,80.0,75.0,395.0,1.0,0.0
16,Pidgey,Normal,Flying,40.0,45.0,40.0,35.0,35.0,56.0,251.0,1.0,0.0
17,Pidgeotto,Normal,Flying,63.0,60.0,55.0,50.0,50.0,71.0,349.0,1.0,0.0
18,Pidgeot,Normal,Flying,83.0,80.0,75.0,70.0,70.0,101.0,479.0,1.0,0.0
19,Rattata,Normal,,30.0,56.0,35.0,25.0,35.0,72.0,253.0,1.0,0.0
20,Raticate,Normal,,55.0,81.0,60.0,50.0,70.0,97.0,413.0,1.0,0.0
21,Spearow,Normal,Flying,40.0,60.0,30.0,31.0,31.0,70.0,262.0,1.0,0.0
22,Fearow,Normal,Flying,65.0,90.0,65.0,61.0,61.0,100.0,442.0,1.0,0.0
23,Ekans,Poison,,35.0,60.0,44.0,40.0,54.0,55.0,288.0,1.0,0.0
24,Arbok,Poison,,60.0,95.0,69.0,65.0,79.0,80.0,448.0,1.0,0.0
25,Pikachu,Electric,,35.0,55.0,40.0,50.0,50.0,90.0,320.0,1.0,0.0
26,Raichu,Electric,,60.0,90.0,55.0,90.0,80.0,110.0,485.0,1.0,0.0
27,Sandshrew,Ground,,50.0,75.0,85.0,20.0,30.0,40.0,300.0,1.0,0.0
28,Sandslash,Ground,,75.0,100.0,110.0,45.0,55.0,65.0,450.0,1.0,0.0
29,Nidoran♀,Poison,,55.0,47.0,52.0,40.0,40.0,41.0,275.0,1.0,0.0
30,Nidorina,Poison,,70.0,62.0,67.0,55.0,55.0,56.0,365.0,1.0,0.0
31,Nidoqueen,Poison,Ground,90.0,92.0,87.0,75.0,85.0,76.0,505.0,1.0,0.0
32,Nidoran♂,Poison,,46.0,57.0,40.0,40.0,40.0,50.0,273.0,1.0,0.0
33,Nidorino,Poison,,61.0,72.0,57.0,55.0,55.0,65.0,365.0,1.0,0.0
34,Nidoking,Poison,Ground,81.0,102.0,77.0,85.0,75.0,85.0,505.0,1.0,0.0
35,Clefairy,Fairy,,70.0,45.0,48.0,60.0,65.0,35.0,323.0,1.0,0.0
36,Clefable,Fairy,,95.0,70.0,73.0,95.0,90.0,60.0,483.0,1.0,0.0
37,Vulpix,Fire,,38.0,41.0,40.0,50.0,65.0,65.0,299.0,1.0,0.0
38,Ninetales,Fire,,73.0,76.0,75.0,81.0,100.0,100.0,505.0,1.0,0.0
39,Jigglypuff,Normal,Fairy,115.0,45.0,20.0,45.0,25.0,20.0,270.0,1.0,0.0
40,Wigglytuff,Normal,Fairy,140.0,70.0,45.0,85.0,50.0,45.0,435.0,1.0,0.0
41,Zubat,Poison,Flying,40.0,45.0,35.0,30.0,40.0,55.0,245.0,1.0,0.0
42,Golbat,Poison,Flying,75.0,80.0,70.0,65.0,75.0,90.0,455.0,1.0,0.0
43,Oddish,Grass,Poison,45.0,50.0,55.0,75.0,65.0,30.0,320.0,1.0,0.0
44,Gloom,Grass,Poison,60.0,65.0,70.0,85.0,75.0,40.0,395.0,1.0,0.0
45,Vileplume,Grass,Poison,75.0,80.0,85.0,110.0,90.0,50.0,490.0,1.0,0.0
46,Paras,Bug,Grass,35.0,70.0,55.0,45.0,55.0,25.0,285.0,1.0,0.0
47,Parasect,Bug,Grass,60.0,95.0,80.0,60.0,80.0,30.0,405.0,1.0,0.0
48,Venonat,Bug,Poison,60.0,55.0,50.0,40.0,55.0,45.0,305.0,1.0,0.0
49,Venomoth,Bug,Poison,70.0,65.0,60.0,90.0,75.0,90.0,450.0,1.0,0.0
50,Diglett,Ground,,10.0,55.0,25.0,35.0,45.0,95.0,265.0,1.0,0.0
51,Dugtrio,Ground,,35.0,100.0,50.0,50.0,70.0,120.0,425.0,1.0,0.0
52,Meowth,Normal,,40.0,45.0,35.0,40.0,40.0,90.0,290.0,1.0,0.0
53,Persian,Normal,,65.0,70.0,60.0,65.0,65.0,115.0,440.0,1.0,0.0
54,Psyduck,Water,,50.0,52.0,48.0,65.0,50.0,55.0,320.0,1.0,0.0
55,Golduck,Water,,80.0,82.0,78.0,95.0,80.0,85.0,500.0,1.0,0.0
56,Mankey,Fighting,,40.0,80.0,35.0,35.0,45.0,70.0,305.0,1.0,0.0
57,Primeape,Fighting,,65.0,105.0,60.0,60.0,70.0,95.0,455.0,1.0,0.0
58,Growlithe,Fire,,55.0,70.0,45.0,70.0,50.0,60.0,350.0,1.0,0.0
59,Arcanine,Fire,,90.0,110.0,80.0,100.0,80.0,95.0,555.0,1.0,0.0
60,Poliwag,Water,,40.0,50.0,40.0,40.0,40.0,90.0,300.0,1.0,0.0
61,Poliwhirl,Water,,65.0,65.0,65.0,50.0,50.0,90.0,385.0,1.0,0.0
62,Poliwrath,Water,Fighting,90.0,95.0,95.0,70.0,90.0,70.0,510.0,1.0,0.0
63,Abra,Psychic,,25.0,20.0,15.0,105.0,55.0,90.0,310.0,1.0,0.0
64,Kadabra,Psychic,,40.0,35.0,30.0,120.0,70.0,105.0,400.0,1.0,0.0
65,Alakazam,Psychic,,55.0,50.0,45.0,135.0,95.0,120.0,500.0,1.0,0.0
66,Machop,Fighting,,70.0,80.0,50.0,35.0,35.0,35.0,305.0,1.0,0.0
67,Machoke,Fighting,,80.0,100.0,70.0,50.0,60.0,45.0,405.0,1.0,0.0
68,Machamp,Fighting,,90.0,130.0,80.0,65.0,85.0,55.0,505.0,1.0,0.0
69,Bellsprout,Grass,Poison,50.0,75.0,35.0,70.0,30.0,40.0,300.0,1.0,0.0
70,Weepinbell,Grass,Poison,65.0,90.0,50.0,85.0,45.0,55.0,390.0,1.0,0.0
71,Victreebel,Grass,Poison,80.0,105.0,65.0,100.0,70.0,70.0,490.0,1.0,0.0
72,Tentacool,Water,Poison,40.0,40.0,35.0,50.0,100.0,70.0,335.0,1.0,0.0
73,Tentacruel,Water,Poison,80.0,70.0,65.0,80.0,120.0,100.0,515.0,1.0,0.0
74,Geodude,Rock,Ground,40.0,80.0,100.0,30.0,30.0,20.0,300.0,1.0,0.0
75,Graveler,Rock,Ground,55.0,95.0,115.0,45.0,45.0,35.0,390.0,1.0,0.0
76,Golem,Rock,Ground,80.0,120.0,130.0,55.0,65.0,45.0,495.0,1.0,0.0
77,Ponyta,Fire,,50.0,85.0,55.0,65.0,65.0,90.0,410.0,1.0,0.0
78,Rapidash,Fire,,65.0,100.0,70.0,80.0,80.0,105.0,500.0,1.0,0.0
79,Slowpoke,Water,Psychic,90.0,65.0,65.0,40.0,40.0,15.0,315.0,1.0,0.0
80,Slowbro,Water,Psychic,95.0,75.0,110.0,100.0,80.0,30.0,490.0,1.0,0.0
81,Magnemite,Electric,Steel,25.0,35.0,70.0,95.0,55.0,45.0,325.0,1.0,0.0
82,Magneton,Electric,Steel,50.0,60.0,95.0,120.0,70.0,70.0,465.0,1.0,0.0
84,Doduo,Normal,Flying,35.0,85.0,45.0,35.0,35.0,75.0,310.0,1.0,0.0
85,Dodrio,Normal,Flying,60.0,110.0,70.0,60.0,60.0,110.0,470.0,1.0,0.0
86,Seel,Water,,65.0,45.0,55.0,45.0,70.0,45.0,325.0,1.0,0.0
87,Dewgong,Water,Ice,90.0,70.0,80.0,70.0,95.0,70.0,475.0,1.0,0.0
88,Grimer,Poison,,80.0,80.0,50.0,40.0,50.0,25.0,325.0,1.0,0.0
89,Muk,Poison,,105.0,105.0,75.0,65.0,100.0,50.0,500.0,1.0,0.0
90,Shellder,Water,,30.0,65.0,100.0,45.0,25.0,40.0,305.0,1.0,0.0
91,Cloyster,Water,Ice,50.0,95.0,180.0,85.0,45.0,70.0,525.0,1.0,0.0
92,Gastly,Ghost,Poison,30.0,35.0,30.0,100.0,35.0,80.0,310.0,1.0,0.0
93,Haunter,Ghost,Poison,45.0,50.0,45.0,115.0,55.0,95.0,405.0,1.0,0.0
94,Gengar,Ghost,Poison,60.0,65.0,60.0,130.0,75.0,110.0,500.0,1.0,0.0
95,Onix,Rock,Ground,35.0,45.0,160.0,30.0,45.0,70.0,385.0,1.0,0.0
96,Drowzee,Psychic,,60.0,48.0,45.0,43.0,90.0,42.0,328.0,1.0,0.0
97,Hypno,Psychic,,85.0,73.0,70.0,73.0,115.0,67.0,483.0,1.0,0.0
98,Krabby,Water,,30.0,105.0,90.0,25.0,25.0,50.0,325.0,1.0,0.0
99,Kingler,Water,,55.0,130.0,115.0,50.0,50.0,75.0,475.0,1.0,0.0
100,Voltorb,Electric,,40.0,30.0,50.0,55.0,55.0,100.0,330.0,1.0,0.0
101,Electrode,Electric,,60.0,50.0,70.0,80.0,80.0,150.0,490.0,1.0,0.0
102,Exeggcute,Grass,Psychic,60.0,40.0,80.0,60.0,45.0,40.0,325.0,1.0,0.0
103,Exeggutor,Grass,Psychic,95.0,95.0,85.0,125.0,75.0,55.0,530.0,1.0,0.0
104,Cubone,Ground,,50.0,50.0,95.0,40.0,50.0,35.0,320.0,1.0,0.0
105,Marowak,Ground,,60.0,80.0,110.0,50.0,80.0,45.0,425.0,1.0,0.0
106,Hitmonlee,Fighting,,50.0,120.0,53.0,35.0,110.0,87.0,455.0,1.0,0.0
107,Hitmonchan,Fighting,,50.0,105.0,79.0,35.0,110.0,76.0,455.0,1.0,0.0
108,Lickitung,Normal,,90.0,55.0,75.0,60.0,75.0,30.0,385.0,1.0,0.0
109,Koffing,Poison,,40.0,65.0,95.0,60.0,45.0,35.0,340.0,1.0,0.0
110,Weezing,Poison,,65.0,90.0,120.0,85.0,70.0,60.0,490.0,1.0,0.0
111,Rhyhorn,Ground,Rock,80.0,85.0,95.0,30.0,30.0,25.0,345.0,1.0,0.0
112,Rhydon,Ground,Rock,105.0,130.0,120.0,45.0,45.0,40.0,485.0,1.0,0.0
113,Chansey,Normal,,250.0,5.0,5.0,35.0,105.0,50.0,450.0,1.0,0.0
114,Tangela,Grass,,65.0,55.0,115.0,100.0,40.0,60.0,435.0,1.0,0.0
115,Kangaskhan,Normal,,105.0,95.0,80.0,40.0,80.0,90.0,490.0,1.0,0.0
116,Horsea,Water,,30.0,40.0,70.0,70.0,25.0,60.0,295.0,1.0,0.0
117,Seadra,Water,,55.0,65.0,95.0,95.0,45.0,85.0,440.0,1.0,0.0
118,Goldeen,Water,,45.0,67.0,60.0,35.0,50.0,63.0,320.0,1.0,0.0
119,Seaking,Water,,80.0,92.0,65.0,65.0,80.0,68.0,450.0,1.0,0.0
120,Staryu,Water,,30.0,45.0,55.0,70.0,55.0,85.0,340.0,1.0,0.0
121,Starmie,Water,Psychic,60.0,75.0,85.0,100.0,85.0,115.0,520.0,1.0,0.0
122,Mr.Mime,Psychic,Fairy,40.0,45.0,65.0,100.0,120.0,90.0,460.0,1.0,0.0
123,Scyther,Bug,Flying,70.0,110.0,80.0,55.0,80.0,105.0,500.0,1.0,0.0
124,Jynx,Ice,Psychic,65.0,50.0,35.0,115.0,95.0,95.0,455.0,1.0,0.0
125,Electabuzz,Electric,,65.0,83.0,57.0,95.0,85.0,105.0,490.0,1.0,0.0
126,Magmar,Fire,,65.0,95.0,57.0,100.0,85.0,93.0,495.0,1.0,0.0
127,Pinsir,Bug,,65.0,125.0,100.0,55.0,70.0,85.0,500.0,1.0,0.0
128,Tauros,Normal,,75.0,100.0,95.0,40.0,70.0,110.0,490.0,1.0,0.0
129,Magikarp,Water,,20.0,10.0,55.0,15.0,20.0,80.0,200.0,1.0,0.0
130,Gyarados,Water,Flying,95.0,125.0,79.0,60.0,100.0,81.0,540.0,1.0,0.0
131,Lapras,Water,Ice,130.0,85.0,80.0,85.0,95.0,60.0,535.0,1.0,0.0
132,Ditto,Normal,,48.0,48.0,48.0,48.0,48.0,48.0,288.0,1.0,0.0
133,Eevee,Normal,,55.0,55.0,50.0,45.0,65.0,55.0,325.0,1.0,0.0
134,Vaporeon,Water,,130.0,65.0,60.0,110.0,95.0,65.0,525.0,1.0,0.0
135,Jolteon,Electric,,65.0,65.0,60.0,110.0,95.0,130.0,525.0,1.0,0.0
136,Flareon,Fire,,65.0,130.0,60.0,95.0,110.0,65.0,525.0,1.0,0.0
137,Porygon,Normal,,65.0,60.0,70.0,85.0,75.0,40.0,395.0,1.0,0.0
138,Omanyte,Rock,Water,35.0,40.0,100.0,90.0,55.0,35.0,355.0,1.0,0.0
139,Omastar,Rock,Water,70.0,60.0,125.0,115.0,70.0,55.0,495.0,1.0,0.0
140,Kabuto,Rock,Water,30.0,80.0,90.0,55.0,45.0,55.0,355.0,1.0,0.0
141,Kabutops,Rock,Water,60.0,115.0,105.0,65.0,70.0,80.0,495.0,1.0,0.0
142,Aerodactyl,Rock,Flying,80.0,105.0,65.0,60.0,75.0,130.0,515.0,1.0,0.0
143,Snorlax,Normal,,160.0,110.0,65.0,65.0,110.0,30.0,540.0,1.0,0.0
144,Articuno,Ice,Flying,90.0,85.0,100.0,95.0,125.0,85.0,580.0,1.0,1.0
145,Zapdos,Electric,Flying,90.0,90.0,85.0,125.0,90.0,100.0,580.0,1.0,1.0
146,Moltres,Fire,Flying,90.0,100.0,90.0,125.0,85.0,90.0,580.0,1.0,1.0
147,Dratini,Dragon,,41.0,64.0,45.0,50.0,50.0,50.0,300.0,1.0,0.0
148,Dragonair,Dragon,,61.0,84.0,65.0,70.0,70.0,70.0,420.0,1.0,0.0
149,Dragonite,Dragon,Flying,91.0,134.0,95.0,100.0,100.0,80.0,600.0,1.0,0.0
150,Mewtwo,Psychic,,106.0,110.0,90.0,154.0,90.0,130.0,680.0,1.0,1.0
151,Mew,Psychic,,100.0,100.0,100.0,100.0,100.0,100.0,600.0,1.0,1.0
152,Chikorita,Grass,,45.0,49.0,65.0,49.0,65.0,45.0,318.0,2.0,0.0
153,Bayleef,Grass,,60.0,62.0,80.0,63.0,80.0,60.0,405.0,2.0,0.0
154,Meganium,Grass,,80.0,82.0,100.0,83.0,100.0,80.0,525.0,2.0,0.0
155,Cyndaquil,Fire,,39.0,52.0,43.0,60.0,50.0,65.0,309.0,2.0,0.0
156,Quilava,Fire,,58.0,64.0,58.0,80.0,65.0,80.0,405.0,2.0,0.0
157,Typhlosion,Fire,,78.0,84.0,78.0,109.0,85.0,100.0,534.0,2.0,0.0
158,Totodile,Water,,50.0,65.0,64.0,44.0,48.0,43.0,314.0,2.0,0.0
159,Croconaw,Water,,65.0,80.0,80.0,59.0,63.0,58.0,405.0,2.0,0.0
160,Feraligatr,Water,,85.0,105.0,100.0,79.0,83.0,78.0,530.0,2.0,0.0
161,Sentret,Normal,,35.0,46.0,34.0,35.0,45.0,20.0,215.0,2.0,0.0
162,Furret,Normal,,85.0,76.0,64.0,45.0,55.0,90.0,415.0,2.0,0.0
163,Hoothoot,Normal,Flying,60.0,30.0,30.0,36.0,56.0,50.0,262.0,2.0,0.0
164,Noctowl,Normal,Flying,100.0,50.0,50.0,86.0,96.0,70.0,452.0,2.0,0.0
165,Ledyba,Bug,Flying,40.0,20.0,30.0,40.0,80.0,55.0,265.0,2.0,0.0
166,Ledian,Bug,Flying,55.0,35.0,50.0,55.0,110.0,85.0,390.0,2.0,0.0
167,Spinarak,Bug,Poison,40.0,60.0,40.0,40.0,40.0,30.0,250.0,2.0,0.0
168,Ariados,Bug,Poison,70.0,90.0,70.0,60.0,70.0,40.0,400.0,2.0,0.0
169,Crobat,Poison,Flying,85.0,90.0,80.0,70.0,80.0,130.0,535.0,2.0,0.0
170,Chinchou,Water,Electric,75.0,38.0,38.0,56.0,56.0,67.0,330.0,2.0,0.0
171,Lanturn,Water,Electric,125.0,58.0,58.0,76.0,76.0,67.0,460.0,2.0,0.0
172,Pichu,Electric,,20.0,40.0,15.0,35.0,35.0,60.0,205.0,2.0,0.0
173,Cleffa,Fairy,,50.0,25.0,28.0,45.0,55.0,15.0,218.0,2.0,0.0
174,Igglybuff,Normal,Fairy,90.0,30.0,15.0,40.0,20.0,15.0,210.0,2.0,0.0
175,Togepi,Fairy,,35.0,20.0,65.0,40.0,65.0,20.0,245.0,2.0,0.0
176,Togetic,Fairy,Flying,55.0,40.0,85.0,80.0,105.0,40.0,405.0,2.0,0.0
177,Natu,Psychic,Flying,40.0,50.0,45.0,70.0,45.0,70.0,320.0,2.0,0.0
178,Xatu,Psychic,Flying,65.0,75.0,70.0,95.0,70.0,95.0,470.0,2.0,0.0
179,Mareep,Electric,,55.0,40.0,40.0,65.0,45.0,35.0,280.0,2.0,0.0
180,Flaaffy,Electric,,70.0,55.0,55.0,80.0,60.0,45.0,365.0,2.0,0.0
181,Ampharos,Electric,,90.0,75.0,85.0,115.0,90.0,55.0,510.0,2.0,0.0
182,Bellossom,Grass,,75.0,80.0,95.0,90.0,100.0,50.0,490.0,2.0,0.0
183,Marill,Water,Fairy,70.0,20.0,50.0,20.0,50.0,40.0,250.0,2.0,0.0
184,Azumarill,Water,Fairy,100.0,50.0,80.0,60.0,80.0,50.0,420.0,2.0,0.0
185,Sudowoodo,Rock,,70.0,100.0,115.0,30.0,65.0,30.0,410.0,2.0,0.0
186,Politoed,Water,,90.0,75.0,75.0,90.0,100.0,70.0,500.0,2.0,0.0
187,Hoppip,Grass,Flying,35.0,35.0,40.0,35.0,55.0,50.0,250.0,2.0,0.0
188,Skiploom,Grass,Flying,55.0,45.0,50.0,45.0,65.0,80.0,340.0,2.0,0.0
189,Jumpluff,Grass,Flying,75.0,55.0,70.0,55.0,95.0,110.0,460.0,2.0,0.0
190,Aipom,Normal,,55.0,70.0,55.0,40.0,55.0,85.0,360.0,2.0,0.0
191,Sunkern,Grass,,30.0,30.0,30.0,30.0,30.0,30.0,180.0,2.0,0.0
192,Sunflora,Grass,,75.0,75.0,55.0,105.0,85.0,30.0,425.0,2.0,0.0
193,Yanma,Bug,Flying,65.0,65.0,45.0,75.0,45.0,95.0,390.0,2.0,0.0
194,Wooper,Water,Ground,55.0,45.0,45.0,25.0,25.0,15.0,210.0,2.0,0.0
195,Quagsire,Water,Ground,95.0,85.0,85.0,65.0,65.0,35.0,430.0,2.0,0.0
196,Espeon,Psychic,,65.0,65.0,60.0,130.0,95.0,110.0,525.0,2.0,0.0
197,Umbreon,Dark,,95.0,65.0,110.0,60.0,130.0,65.0,525.0,2.0,0.0
198,Murkrow,Dark,Flying,60.0,85.0,42.0,85.0,42.0,91.0,405.0,2.0,0.0
199,Slowking,Water,Psychic,95.0,75.0,80.0,100.0,110.0,30.0,490.0,2.0,0.0
200,Misdreavus,Ghost,,60.0,60.0,60.0,85.0,85.0,85.0,435.0,2.0,0.0
201,Unown,Psychic,,48.0,72.0,48.0,72.0,48.0,48.0,336.0,2.0,0.0
202,Wobbuffet,Psychic,,190.0,33.0,58.0,33.0,58.0,33.0,405.0,2.0,0.0
203,Girafarig,Normal,Psychic,70.0,80.0,65.0,90.0,65.0,85.0,455.0,2.0,0.0
204,Pineco,Bug,,50.0,65.0,90.0,35.0,35.0,15.0,290.0,2.0,0.0
205,Forretress,Bug,Steel,75.0,90.0,140.0,60.0,60.0,40.0,465.0,2.0,0.0
206,Dunsparce,Normal,,100.0,70.0,70.0,65.0,65.0,45.0,415.0,2.0,0.0
207,Gligar,Ground,Flying,65.0,75.0,105.0,35.0,65.0,85.0,430.0,2.0,0.0
208,Steelix,Steel,Ground,75.0,85.0,200.0,55.0,65.0,30.0,510.0,2.0,0.0
209,Snubbull,Fairy,,60.0,80.0,50.0,40.0,40.0,30.0,300.0,2.0,0.0
210,Granbull,Fairy,,90.0,120.0,75.0,60.0,60.0,45.0,450.0,2.0,0.0
211,Qwilfish,Water,Poison,65.0,95.0,85.0,55.0,55.0,85.0,440.0,2.0,0.0
212,Scizor,Bug,Steel,70.0,130.0,100.0,55.0,80.0,65.0,500.0,2.0,0.0
213,Shuckle,Bug,Rock,20.0,10.0,230.0,10.0,230.0,5.0,505.0,2.0,0.0
214,Heracross,Bug,Fighting,80.0,125.0,75.0,40.0,95.0,85.0,500.0,2.0,0.0
215,Sneasel,Dark,Ice,55.0,95.0,55.0,35.0,75.0,115.0,430.0,2.0,0.0
216,Teddiursa,Normal,,60.0,80.0,50.0,50.0,50.0,40.0,330.0,2.0,0.0
217,Ursaring,Normal,,90.0,130.0,75.0,75.0,75.0,55.0,500.0,2.0,0.0
218,Slugma,Fire,,40.0,40.0,40.0,70.0,40.0,20.0,250.0,2.0,0.0
219,Magcargo,Fire,Rock,60.0,50.0,120.0,90.0,80.0,30.0,430.0,2.0,0.0
220,Swinub,Ice,Ground,50.0,50.0,40.0,30.0,30.0,50.0,250.0,2.0,0.0
221,Piloswine,Ice,Ground,100.0,100.0,80.0,60.0,60.0,50.0,450.0,2.0,0.0
222,Corsola,Water,Rock,65.0,55.0,95.0,65.0,95.0,35.0,410.0,2.0,0.0
223,Remoraid,Water,,35.0,65.0,35.0,65.0,35.0,65.0,300.0,2.0,0.0
224,Octillery,Water,,75.0,105.0,75.0,105.0,75.0,45.0,480.0,2.0,0.0
225,Delibird,Ice,Flying,45.0,55.0,45.0,65.0,45.0,75.0,330.0,2.0,0.0
226,Mantine,Water,Flying,85.0,40.0,70.0,80.0,140.0,70.0,485.0,2.0,0.0
227,Skarmory,Steel,Flying,65.0,80.0,140.0,40.0,70.0,70.0,465.0,2.0,0.0
228,Houndour,Dark,Fire,45.0,60.0,30.0,80.0,50.0,65.0,330.0,2.0,0.0
229,Houndoom,Dark,Fire,75.0,90.0,50.0,110.0,80.0,95.0,500.0,2.0,0.0
230,Kingdra,Water,Dragon,75.0,95.0,95.0,95.0,95.0,85.0,540.0,2.0,0.0
231,Phanpy,Ground,,90.0,60.0,60.0,40.0,40.0,40.0,330.0,2.0,0.0
232,Donphan,Ground,,90.0,120.0,120.0,60.0,60.0,50.0,500.0,2.0,0.0
233,Porygon2,Normal,,85.0,80.0,90.0,105.0,95.0,60.0,515.0,2.0,0.0
234,Stantler,Normal,,73.0,95.0,62.0,85.0,65.0,85.0,465.0,2.0,0.0
235,Smeargle,Normal,,55.0,20.0,35.0,20.0,45.0,75.0,250.0,2.0,0.0
236,Tyrogue,Fighting,,35.0,35.0,35.0,35.0,35.0,35.0,210.0,2.0,0.0
237,Hitmontop,Fighting,,50.0,95.0,95.0,35.0,110.0,70.0,455.0,2.0,0.0
238,Smoochum,Ice,Psychic,45.0,30.0,15.0,85.0,65.0,65.0,305.0,2.0,0.0
239,Elekid,Electric,,45.0,63.0,37.0,65.0,55.0,95.0,360.0,2.0,0.0
240,Magby,Fire,,45.0,75.0,37.0,70.0,55.0,83.0,365.0,2.0,0.0
241,Miltank,Normal,,95.0,80.0,105.0,40.0,70.0,100.0,490.0,2.0,0.0
242,Blissey,Normal,,255.0,10.0,10.0,75.0,135.0,55.0,540.0,2.0,0.0
243,Raikou,Electric,,90.0,85.0,75.0,115.0,100.0,115.0,580.0,2.0,1.0
244,Entei,Fire,,115.0,115.0,85.0,90.0,75.0,100.0,580.0,2.0,1.0
245,Suicune,Water,,100.0,75.0,115.0,90.0,115.0,85.0,580.0,2.0,1.0
246,Larvitar,Rock,Ground,50.0,64.0,50.0,45.0,50.0,41.0,300.0,2.0,0.0
247,Pupitar,Rock,Ground,70.0,84.0,70.0,65.0,70.0,51.0,410.0,2.0,0.0
248,Tyranitar,Rock,Dark,100.0,134.0,110.0,95.0,100.0,61.0,600.0,2.0,0.0
249,Lugia,Psychic,Flying,106.0,90.0,130.0,90.0,154.0,110.0,680.0,2.0,1.0
251,Celebi,Psychic,Grass,100.0,100.0,100.0,100.0,100.0,100.0,600.0,2.0,1.0
252,Treecko,Grass,,40.0,45.0,35.0,65.0,55.0,70.0,310.0,3.0,0.0
253,Grovyle,Grass,,50.0,65.0,45.0,85.0,65.0,95.0,405.0,3.0,0.0
254,Sceptile,Grass,,70.0,85.0,65.0,105.0,85.0,120.0,530.0,3.0,0.0
255,Torchic,Fire,,45.0,60.0,40.0,70.0,50.0,45.0,310.0,3.0,0.0
256,Combusken,Fire,Fighting,60.0,85.0,60.0,85.0,60.0,55.0,405.0,3.0,0.0
257,Blaziken,Fire,Fighting,80.0,120.0,70.0,110.0,70.0,80.0,530.0,3.0,0.0
258,Mudkip,Water,,50.0,70.0,50.0,50.0,50.0,40.0,310.0,3.0,0.0
259,Marshtomp,Water,Ground,70.0,85.0,70.0,60.0,70.0,50.0,405.0,3.0,0.0
260,Swampert,Water,Ground,100.0,110.0,90.0,85.0,90.0,60.0,535.0,3.0,0.0
261,Poochyena,Dark,,35.0,55.0,35.0,30.0,30.0,35.0,220.0,3.0,0.0
262,Mightyena,Dark,,70.0,90.0,70.0,60.0,60.0,70.0,420.0,3.0,0.0
263,Zigzagoon,Normal,,38.0,30.0,41.0,30.0,41.0,60.0,240.0,3.0,0.0
264,Linoone,Normal,,78.0,70.0,61.0,50.0,61.0,100.0,420.0,3.0,0.0
265,Wurmple,Bug,,45.0,45.0,35.0,20.0,30.0,20.0,195.0,3.0,0.0
266,Silcoon,Bug,,50.0,35.0,55.0,25.0,25.0,15.0,205.0,3.0,0.0
267,Beautifly,Bug,Flying,60.0,70.0,50.0,100.0,50.0,65.0,395.0,3.0,0.0
268,Cascoon,Bug,,50.0,35.0,55.0,25.0,25.0,15.0,205.0,3.0,0.0
269,Dustox,Bug,Poison,60.0,50.0,70.0,50.0,90.0,65.0,385.0,3.0,0.0
270,Lotad,Water,Grass,40.0,30.0,30.0,40.0,50.0,30.0,220.0,3.0,0.0
271,Lombre,Water,Grass,60.0,50.0,50.0,60.0,70.0,50.0,340.0,3.0,0.0
272,Ludicolo,Water,Grass,80.0,70.0,70.0,90.0,100.0,70.0,480.0,3.0,0.0
273,Seedot,Grass,,40.0,40.0,50.0,30.0,30.0,30.0,220.0,3.0,0.0
274,Nuzleaf,Grass,Dark,70.0,70.0,40.0,60.0,40.0,60.0,340.0,3.0,0.0
275,Shiftry,Grass,Dark,90.0,100.0,60.0,90.0,60.0,80.0,480.0,3.0,0.0
276,Taillow,Normal,Flying,40.0,55.0,30.0,30.0,30.0,85.0,270.0,3.0,0.0
277,Swellow,Normal,Flying,60.0,85.0,60.0,75.0,50.0,125.0,455.0,3.0,0.0
278,Wingull,Water,Flying,40.0,30.0,30.0,55.0,30.0,85.0,270.0,3.0,0.0
279,Pelipper,Water,Flying,60.0,50.0,100.0,95.0,70.0,65.0,440.0,3.0,0.0
280,Ralts,Psychic,Fairy,28.0,25.0,25.0,45.0,35.0,40.0,198.0,3.0,0.0
281,Kirlia,Psychic,Fairy,38.0,35.0,35.0,65.0,55.0,50.0,278.0,3.0,0.0
282,Gardevoir,Psychic,Fairy,68.0,65.0,65.0,125.0,115.0,80.0,518.0,3.0,0.0
283,Surskit,Bug,Water,40.0,30.0,32.0,50.0,52.0,65.0,269.0,3.0,0.0
284,Masquerain,Bug,Flying,70.0,60.0,62.0,100.0,82.0,80.0,454.0,3.0,0.0
285,Shroomish,Grass,,60.0,40.0,60.0,40.0,60.0,35.0,295.0,3.0,0.0
286,Breloom,Grass,Fighting,60.0,130.0,80.0,60.0,60.0,70.0,460.0,3.0,0.0
287,Slakoth,Normal,,60.0,60.0,60.0,35.0,35.0,30.0,280.0,3.0,0.0
288,Vigoroth,Normal,,80.0,80.0,80.0,55.0,55.0,90.0,440.0,3.0,0.0
289,Slaking,Normal,,150.0,160.0,100.0,95.0,65.0,100.0,670.0,3.0,0.0
290,Nincada,Bug,Ground,31.0,45.0,90.0,30.0,30.0,40.0,266.0,3.0,0.0
291,Ninjask,Bug,Flying,61.0,90.0,45.0,50.0,50.0,160.0,456.0,3.0,0.0
292,Shedinja,Bug,Ghost,1.0,90.0,45.0,30.0,30.0,40.0,236.0,3.0,0.0
293,Whismur,Normal,,64.0,51.0,23.0,51.0,23.0,28.0,240.0,3.0,0.0
294,Loudred,Normal,,84.0,71.0,43.0,71.0,43.0,48.0,360.0,3.0,0.0
295,Exploud,Normal,,104.0,91.0,63.0,91.0,73.0,68.0,490.0,3.0,0.0
296,Makuhita,Fighting,,72.0,60.0,30.0,20.0,30.0,25.0,237.0,3.0,0.0
297,Hariyama,Fighting,,144.0,120.0,60.0,40.0,60.0,50.0,474.0,3.0,0.0
298,Azurill,Normal,Fairy,50.0,20.0,40.0,20.0,40.0,20.0,190.0,3.0,0.0
299,Nosepass,Rock,,30.0,45.0,135.0,45.0,90.0,30.0,375.0,3.0,0.0
300,Skitty,Normal,,50.0,45.0,45.0,35.0,35.0,50.0,260.0,3.0,0.0
301,Delcatty,Normal,,70.0,65.0,65.0,55.0,55.0,90.0,400.0,3.0,0.0
302,Sableye,Dark,Ghost,50.0,75.0,75.0,65.0,65.0,50.0,380.0,3.0,0.0
303,Mawile,Steel,Fairy,50.0,85.0,85.0,55.0,55.0,50.0,380.0,3.0,0.0
304,Aron,Steel,Rock,50.0,70.0,100.0,40.0,40.0,30.0,330.0,3.0,0.0
305,Lairon,Steel,Rock,60.0,90.0,140.0,50.0,50.0,40.0,430.0,3.0,0.0
306,Aggron,Steel,Rock,70.0,110.0,180.0,60.0,60.0,50.0,530.0,3.0,0.0
307,Meditite,Fighting,Psychic,30.0,40.0,55.0,40.0,55.0,60.0,280.0,3.0,0.0
308,Medicham,Fighting,Psychic,60.0,60.0,75.0,60.0,75.0,80.0,410.0,3.0,0.0
309,Electrike,Electric,,40.0,45.0,40.0,65.0,40.0,65.0,295.0,3.0,0.0
310,Manectric,Electric,,70.0,75.0,60.0,105.0,60.0,105.0,475.0,3.0,0.0
311,Plusle,Electric,,60.0,50.0,40.0,85.0,75.0,95.0,405.0,3.0,0.0
312,Minun,Electric,,60.0,40.0,50.0,75.0,85.0,95.0,405.0,3.0,0.0
313,Volbeat,Bug,,65.0,73.0,75.0,47.0,85.0,85.0,430.0,3.0,0.0
314,Illumise,Bug,,65.0,47.0,75.0,73.0,85.0,85.0,430.0,3.0,0.0
315,Roselia,Grass,Poison,50.0,60.0,45.0,100.0,80.0,65.0,400.0,3.0,0.0
316,Gulpin,Poison,,70.0,43.0,53.0,43.0,53.0,40.0,302.0,3.0,0.0
317,Swalot,Poison,,100.0,73.0,83.0,73.0,83.0,55.0,467.0,3.0,0.0
318,Carvanha,Water,Dark,45.0,90.0,20.0,65.0,20.0,65.0,305.0,3.0,0.0
319,Sharpedo,Water,Dark,70.0,120.0,40.0,95.0,40.0,95.0,460.0,3.0,0.0
320,Wailmer,Water,,130.0,70.0,35.0,70.0,35.0,60.0,400.0,3.0,0.0
321,Wailord,Water,,170.0,90.0,45.0,90.0,45.0,60.0,500.0,3.0,0.0
322,Numel,Fire,Ground,60.0,60.0,40.0,65.0,45.0,35.0,305.0,3.0,0.0
323,Camerupt,Fire,Ground,70.0,100.0,70.0,105.0,75.0,40.0,460.0,3.0,0.0
324,Torkoal,Fire,,70.0,85.0,140.0,85.0,70.0,20.0,470.0,3.0,0.0
325,Spoink,Psychic,,60.0,25.0,35.0,70.0,80.0,60.0,330.0,3.0,0.0
326,Grumpig,Psychic,,80.0,45.0,65.0,90.0,110.0,80.0,470.0,3.0,0.0
327,Spinda,Normal,,60.0,60.0,60.0,60.0,60.0,60.0,360.0,3.0,0.0
328,Trapinch,Ground,,45.0,100.0,45.0,45.0,45.0,10.0,290.0,3.0,0.0
329,Vibrava,Ground,Dragon,50.0,70.0,50.0,50.0,50.0,70.0,340.0,3.0,0.0
330,Flygon,Ground,Dragon,80.0,100.0,80.0,80.0,80.0,100.0,520.0,3.0,0.0
331,Cacnea,Grass,,50.0,85.0,40.0,85.0,40.0,35.0,335.0,3.0,0.0
332,Cacturne,Grass,Dark,70.0,115.0,60.0,115.0,60.0,55.0,475.0,3.0,0.0
333,Swablu,Normal,Flying,45.0,40.0,60.0,40.0,75.0,50.0,310.0,3.0,0.0
334,Altaria,Dragon,Flying,75.0,70.0,90.0,70.0,105.0,80.0,490.0,3.0,0.0
335,Zangoose,Normal,,73.0,115.0,60.0,60.0,60.0,90.0,458.0,3.0,0.0
336,Seviper,Poison,,73.0,100.0,60.0,100.0,60.0,65.0,458.0,3.0,0.0
337,Lunatone,Rock,Psychic,90.0,55.0,65.0,95.0,85.0,70.0,460.0,3.0,0.0
338,Solrock,Rock,Psychic,90.0,95.0,85.0,55.0,65.0,70.0,460.0,3.0,0.0
339,Barboach,Water,Ground,50.0,48.0,43.0,46.0,41.0,60.0,288.0,3.0,0.0
340,Whiscash,Water,Ground,110.0,78.0,73.0,76.0,71.0,60.0,468.0,3.0,0.0
341,Corphish,Water,,43.0,80.0,65.0,50.0,35.0,35.0,308.0,3.0,0.0
342,Crawdaunt,Water,Dark,63.0,120.0,85.0,90.0,55.0,55.0,468.0,3.0,0.0
343,Baltoy,Ground,Psychic,40.0,40.0,55.0,40.0,70.0,55.0,300.0,3.0,0.0
344,Claydol,Ground,Psychic,60.0,70.0,105.0,70.0,120.0,75.0,500.0,3.0,0.0
345,Lileep,Rock,Grass,66.0,41.0,77.0,61.0,87.0,23.0,355.0,3.0,0.0
346,Cradily,Rock,Grass,86.0,81.0,97.0,81.0,107.0,43.0,495.0,3.0,0.0
347,Anorith,Rock,Bug,45.0,95.0,50.0,40.0,50.0,75.0,355.0,3.0,0.0
348,Armaldo,Rock,Bug,75.0,125.0,100.0,70.0,80.0,45.0,495.0,3.0,0.0
349,Feebas,Water,,20.0,15.0,20.0,10.0,55.0,80.0,200.0,3.0,0.0
350,Milotic,Water,,95.0,60.0,79.0,100.0,125.0,81.0,540.0,3.0,0.0
351,Castform,Normal,,70.0,70.0,70.0,70.0,70.0,70.0,420.0,3.0,0.0
352,Kecleon,Normal,,60.0,90.0,70.0,60.0,120.0,40.0,440.0,3.0,0.0
353,Shuppet,Ghost,,44.0,75.0,35.0,63.0,33.0,45.0,295.0,3.0,0.0
354,Banette,Ghost,,64.0,115.0,65.0,83.0,63.0,65.0,455.0,3.0,0.0
355,Duskull,Ghost,,20.0,40.0,90.0,30.0,90.0,25.0,295.0,3.0,0.0
356,Dusclops,Ghost,,40.0,70.0,130.0,60.0,130.0,25.0,455.0,3.0,0.0
357,Tropius,Grass,Flying,99.0,68.0,83.0,72.0,87.0,51.0,460.0,3.0,0.0
358,Chimecho,Psychic,,75.0,50.0,80.0,95.0,90.0,65.0,455.0,3.0,0.0
359,Absol,Dark,,65.0,130.0,60.0,75.0,60.0,75.0,465.0,3.0,0.0
360,Wynaut,Psychic,,95.0,23.0,48.0,23.0,48.0,23.0,260.0,3.0,0.0
361,Snorunt,Ice,,50.0,50.0,50.0,50.0,50.0,50.0,300.0,3.0,0.0
362,Glalie,Ice,,80.0,80.0,80.0,80.0,80.0,80.0,480.0,3.0,0.0
363,Spheal,Ice,Water,70.0,40.0,50.0,55.0,50.0,25.0,290.0,3.0,0.0
364,Sealeo,Ice,Water,90.0,60.0,70.0,75.0,70.0,45.0,410.0,3.0,0.0
365,Walrein,Ice,Water,110.0,80.0,90.0,95.0,90.0,65.0,530.0,3.0,0.0
366,Clamperl,Water,,35.0,64.0,85.0,74.0,55.0,32.0,345.0,3.0,0.0
367,Huntail,Water,,55.0,104.0,105.0,94.0,75.0,52.0,485.0,3.0,0.0
368,Gorebyss,Water,,55.0,84.0,105.0,114.0,75.0,52.0,485.0,3.0,0.0
369,Relicanth,Water,Rock,100.0,90.0,130.0,45.0,65.0,55.0,485.0,3.0,0.0
370,Luvdisc,Water,,43.0,30.0,55.0,40.0,65.0,97.0,330.0,3.0,0.0
371,Bagon,Dragon,,45.0,75.0,60.0,40.0,30.0,50.0,300.0,3.0,0.0
372,Shelgon,Dragon,,65.0,95.0,100.0,60.0,50.0,50.0,420.0,3.0,0.0
373,Salamence,Dragon,Flying,95.0,135.0,80.0,110.0,80.0,100.0,600.0,3.0,0.0
374,Beldum,Steel,Psychic,40.0,55.0,80.0,35.0,60.0,30.0,300.0,3.0,0.0
375,Metang,Steel,Psychic,60.0,75.0,100.0,55.0,80.0,50.0,420.0,3.0,0.0
376,Metagross,Steel,Psychic,80.0,135.0,130.0,95.0,90.0,70.0,600.0,3.0,0.0
377,Regirock,Rock,,80.0,100.0,200.0,50.0,100.0,50.0,580.0,3.0,1.0
378,Regice,Ice,,80.0,50.0,100.0,100.0,200.0,50.0,580.0,3.0,1.0
379,Registeel,Steel,,80.0,75.0,150.0,75.0,150.0,50.0,580.0,3.0,1.0
380,Latias,Dragon,Psychic,80.0,80.0,90.0,110.0,130.0,110.0,600.0,3.0,1.0
381,Latios,Dragon,Psychic,80.0,90.0,80.0,130.0,110.0,110.0,600.0,3.0,1.0
382,Kyogre,Water,,100.0,100.0,90.0,150.0,140.0,90.0,670.0,3.0,1.0
383,Groudon,Ground,,100.0,150.0,140.0,100.0,90.0,90.0,670.0,3.0,1.0
384,Rayquaza,Dragon,Flying,105.0,150.0,90.0,150.0,90.0,95.0,680.0,3.0,1.0
385,Jirachi,Steel,Psychic,100.0,100.0,100.0,100.0,100.0,100.0,600.0,3.0,1.0
386,Deoxys,Psychic,,50.0,150.0,50.0,150.0,50.0,150.0,600.0,3.0,1.0
387,Turtwig,Grass,,55.0,68.0,64.0,45.0,55.0,31.0,318.0,4.0,0.0
388,Grotle,Grass,,75.0,89.0,85.0,55.0,65.0,36.0,405.0,4.0,0.0
389,Torterra,Grass,Ground,95.0,109.0,105.0,75.0,85.0,56.0,525.0,4.0,0.0
390,Chimchar,Fire,,44.0,58.0,44.0,58.0,44.0,61.0,309.0,4.0,0.0
391,Monferno,Fire,Fighting,64.0,78.0,52.0,78.0,52.0,81.0,405.0,4.0,0.0
392,Infernape,Fire,Fighting,76.0,104.0,71.0,104.0,71.0,108.0,534.0,4.0,0.0
393,Piplup,Water,,53.0,51.0,53.0,61.0,56.0,40.0,314.0,4.0,0.0
394,Prinplup,Water,,64.0,66.0,68.0,81.0,76.0,50.0,405.0,4.0,0.0
395,Empoleon,Water,Steel,84.0,86.0,88.0,111.0,101.0,60.0,530.0,4.0,0.0
396,Starly,Normal,Flying,40.0,55.0,30.0,30.0,30.0,60.0,245.0,4.0,0.0
397,Staravia,Normal,Flying,55.0,75.0,50.0,40.0,40.0,80.0,340.0,4.0,0.0
398,Staraptor,Normal,Flying,85.0,120.0,70.0,50.0,60.0,100.0,485.0,4.0,0.0
399,Bidoof,Normal,,59.0,45.0,40.0,35.0,40.0,31.0,250.0,4.0,0.0
400,Bibarel,Normal,Water,79.0,85.0,60.0,55.0,60.0,71.0,410.0,4.0,0.0
401,Kricketot,Bug,,37.0,25.0,41.0,25.0,41.0,25.0,194.0,4.0,0.0
402,Kricketune,Bug,,77.0,85.0,51.0,55.0,51.0,65.0,384.0,4.0,0.0
403,Shinx,Electric,,45.0,65.0,34.0,40.0,34.0,45.0,263.0,4.0,0.0
404,Luxio,Electric,,60.0,85.0,49.0,60.0,49.0,60.0,363.0,4.0,0.0
405,Luxray,Electric,,80.0,120.0,79.0,95.0,79.0,70.0,523.0,4.0,0.0
406,Budew,Grass,Poison,40.0,30.0,35.0,50.0,70.0,55.0,280.0,4.0,0.0
407,Roserade,Grass,Poison,60.0,70.0,65.0,125.0,105.0,90.0,515.0,4.0,0.0
408,Cranidos,Rock,,67.0,125.0,40.0,30.0,30.0,58.0,350.0,4.0,0.0
409,Rampardos,Rock,,97.0,165.0,60.0,65.0,50.0,58.0,495.0,4.0,0.0
410,Shieldon,Rock,Steel,30.0,42.0,118.0,42.0,88.0,30.0,350.0,4.0,0.0
411,Bastiodon,Rock,Steel,60.0,52.0,168.0,47.0,138.0,30.0,495.0,4.0,0.0
412,Burmy,Bug,,40.0,29.0,45.0,29.0,45.0,36.0,224.0,4.0,0.0
413,Wormadam,Bug,Grass,60.0,59.0,85.0,79.0,105.0,36.0,424.0,4.0,0.0
414,Mothim,Bug,Flying,70.0,94.0,50.0,94.0,50.0,66.0,424.0,4.0,0.0
415,Combee,Bug,Flying,30.0,30.0,42.0,30.0,42.0,70.0,244.0,4.0,0.0
416,Vespiquen,Bug,Flying,70.0,80.0,102.0,80.0,102.0,40.0,474.0,4.0,0.0
417,Pachirisu,Electric,,60.0,45.0,70.0,45.0,90.0,95.0,405.0,4.0,0.0
418,Buizel,Water,,55.0,65.0,35.0,60.0,30.0,85.0,330.0,4.0,0.0
419,Floatzel,Water,,85.0,105.0,55.0,85.0,50.0,115.0,495.0,4.0,0.0
420,Cherubi,Grass,,45.0,35.0,45.0,62.0,53.0,35.0,275.0,4.0,0.0
421,Cherrim,Grass,,70.0,60.0,70.0,87.0,78.0,85.0,450.0,4.0,0.0
422,Shellos,Water,,76.0,48.0,48.0,57.0,62.0,34.0,325.0,4.0,0.0
423,Gastrodon,Water,Ground,111.0,83.0,68.0,92.0,82.0,39.0,475.0,4.0,0.0
424,Ambipom,Normal,,75.0,100.0,66.0,60.0,66.0,115.0,482.0,4.0,0.0
425,Drifloon,Ghost,Flying,90.0,50.0,34.0,60.0,44.0,70.0,348.0,4.0,0.0
426,Drifblim,Ghost,Flying,150.0,80.0,44.0,90.0,54.0,80.0,498.0,4.0,0.0
427,Buneary,Normal,,55.0,66.0,44.0,44.0,56.0,85.0,350.0,4.0,0.0
428,Lopunny,Normal,,65.0,76.0,84.0,54.0,96.0,105.0,480.0,4.0,0.0
429,Mismagius,Ghost,,60.0,60.0,60.0,105.0,105.0,105.0,495.0,4.0,0.0
430,Honchkrow,Dark,Flying,100.0,125.0,52.0,105.0,52.0,71.0,505.0,4.0,0.0
431,Glameow,Normal,,49.0,55.0,42.0,42.0,37.0,85.0,310.0,4.0,0.0
432,Purugly,Normal,,71.0,82.0,64.0,64.0,59.0,112.0,452.0,4.0,0.0
433,Chingling,Psychic,,45.0,30.0,50.0,65.0,50.0,45.0,285.0,4.0,0.0
434,Stunky,Poison,Dark,63.0,63.0,47.0,41.0,41.0,74.0,329.0,4.0,0.0
435,Skuntank,Poison,Dark,103.0,93.0,67.0,71.0,61.0,84.0,479.0,4.0,0.0
436,Bronzor,Steel,Psychic,57.0,24.0,86.0,24.0,86.0,23.0,300.0,4.0,0.0
437,Bronzong,Steel,Psychic,67.0,89.0,116.0,79.0,116.0,33.0,500.0,4.0,0.0
438,Bonsly,Rock,,50.0,80.0,95.0,10.0,45.0,10.0,290.0,4.0,0.0
440,Happiny,Normal,,100.0,5.0,5.0,15.0,65.0,30.0,220.0,4.0,0.0
441,Chatot,Normal,Flying,76.0,65.0,45.0,92.0,42.0,91.0,411.0,4.0,0.0
442,Spiritomb,Ghost,Dark,50.0,92.0,108.0,92.0,108.0,35.0,485.0,4.0,0.0
443,Gible,Dragon,Ground,58.0,70.0,45.0,40.0,45.0,42.0,300.0,4.0,0.0
444,Gabite,Dragon,Ground,68.0,90.0,65.0,50.0,55.0,82.0,410.0,4.0,0.0
445,Garchomp,Dragon,Ground,108.0,130.0,95.0,80.0,85.0,102.0,600.0,4.0,0.0
446,Munchlax,Normal,,135.0,85.0,40.0,40.0,85.0,5.0,390.0,4.0,0.0
447,Riolu,Fighting,,40.0,70.0,40.0,35.0,40.0,60.0,285.0,4.0,0.0
448,Lucario,Fighting,Steel,70.0,110.0,70.0,115.0,70.0,90.0,525.0,4.0,0.0
449,Hippopotas,Ground,,68.0,72.0,78.0,38.0,42.0,32.0,330.0,4.0,0.0
450,Hippowdon,Ground,,108.0,112.0,118.0,68.0,72.0,47.0,525.0,4.0,0.0
451,Skorupi,Poison,Bug,40.0,50.0,90.0,30.0,55.0,65.0,330.0,4.0,0.0
452,Drapion,Poison,Dark,70.0,90.0,110.0,60.0,75.0,95.0,500.0,4.0,0.0
453,Croagunk,Poison,Fighting,48.0,61.0,40.0,61.0,40.0,50.0,300.0,4.0,0.0
454,Toxicroak,Poison,Fighting,83.0,106.0,65.0,86.0,65.0,85.0,490.0,4.0,0.0
455,Carnivine,Grass,,74.0,100.0,72.0,90.0,72.0,46.0,454.0,4.0,0.0
456,Finneon,Water,,49.0,49.0,56.0,49.0,61.0,66.0,330.0,4.0,0.0
457,Lumineon,Water,,69.0,69.0,76.0,69.0,86.0,91.0,460.0,4.0,0.0
458,Mantyke,Water,Flying,45.0,20.0,50.0,60.0,120.0,50.0,345.0,4.0,0.0
459,Snover,Grass,Ice,60.0,62.0,50.0,62.0,60.0,40.0,334.0,4.0,0.0
460,Abomasnow,Grass,Ice,90.0,92.0,75.0,92.0,85.0,60.0,494.0,4.0,0.0
461,Weavile,Dark,Ice,70.0,120.0,65.0,45.0,85.0,125.0,510.0,4.0,0.0
462,Magnezone,Electric,Steel,70.0,70.0,115.0,130.0,90.0,60.0,535.0,4.0,0.0
463,Lickilicky,Normal,,110.0,85.0,95.0,80.0,95.0,50.0,515.0,4.0,0.0
464,Rhyperior,Ground,Rock,115.0,140.0,130.0,55.0,55.0,40.0,535.0,4.0,0.0
465,Tangrowth,Grass,,100.0,100.0,125.0,110.0,50.0,50.0,535.0,4.0,0.0
466,Electivire,Electric,,75.0,123.0,67.0,95.0,85.0,95.0,540.0,4.0,0.0
467,Magmortar,Fire,,75.0,95.0,67.0,125.0,95.0,83.0,540.0,4.0,0.0
468,Togekiss,Fairy,Flying,85.0,50.0,95.0,120.0,115.0,80.0,545.0,4.0,0.0
469,Yanmega,Bug,Flying,86.0,76.0,86.0,116.0,56.0,95.0,515.0,4.0,0.0
470,Leafeon,Grass,,65.0,110.0,130.0,60.0,65.0,95.0,525.0,4.0,0.0
471,Glaceon,Ice,,65.0,60.0,110.0,130.0,95.0,65.0,525.0,4.0,0.0
472,Gliscor,Ground,Flying,75.0,95.0,125.0,45.0,75.0,95.0,510.0,4.0,0.0
473,Mamoswine,Ice,Ground,110.0,130.0,80.0,70.0,60.0,80.0,530.0,4.0,0.0
474,Porygon-Z,Normal,,85.0,80.0,70.0,135.0,75.0,90.0,535.0,4.0,0.0
475,Gallade,Psychic,Fighting,68.0,125.0,65.0,65.0,115.0,80.0,518.0,4.0,0.0
476,Probopass,Rock,Steel,60.0,55.0,145.0,75.0,150.0,40.0,525.0,4.0,0.0
477,Dusknoir,Ghost,,45.0,100.0,135.0,65.0,135.0,45.0,525.0,4.0,0.0
478,Froslass,Ice,Ghost,70.0,80.0,70.0,80.0,70.0,110.0,480.0,4.0,0.0
479,Rotom,Electric,Ghost,50.0,50.0,77.0,95.0,77.0,91.0,440.0,4.0,0.0
480,Uxie,Psychic,,75.0,75.0,130.0,75.0,130.0,95.0,580.0,4.0,1.0
481,Mesprit,Psychic,,80.0,105.0,105.0,105.0,105.0,80.0,580.0,4.0,1.0
482,Azelf,Psychic,,75.0,125.0,70.0,125.0,70.0,115.0,580.0,4.0,1.0
483,Dialga,Steel,Dragon,100.0,120.0,120.0,150.0,100.0,90.0,680.0,4.0,1.0
484,Palkia,Water,Dragon,90.0,120.0,100.0,150.0,120.0,100.0,680.0,4.0,1.0
485,Heatran,Fire,Steel,91.0,90.0,106.0,130.0,106.0,77.0,600.0,4.0,1.0
486,Regigigas,Normal,,110.0,160.0,110.0,80.0,110.0,100.0,670.0,4.0,1.0
487,Giratina,Ghost,Dragon,150.0,100.0,120.0,100.0,120.0,90.0,680.0,4.0,1.0
488,Cresselia,Psychic,,120.0,70.0,120.0,75.0,130.0,85.0,600.0,4.0,1.0
489,Phione,Water,,80.0,80.0,80.0,80.0,80.0,80.0,480.0,4.0,1.0
490,Manaphy,Water,,100.0,100.0,100.0,100.0,100.0,100.0,600.0,4.0,1.0
491,Darkrai,Dark,,70.0,90.0,90.0,135.0,90.0,125.0,600.0,4.0,1.0
492,Shaymin,Grass,,100.0,100.0,100.0,100.0,100.0,100.0,600.0,4.0,1.0
493,Arceus,Normal,,120.0,120.0,120.0,120.0,120.0,120.0,720.0,4.0,1.0
494,Victini,Psychic,Fire,100.0,100.0,100.0,100.0,100.0,100.0,600.0,5.0,1.0
495,Snivy,Grass,,45.0,45.0,55.0,45.0,55.0,63.0,308.0,5.0,0.0
496,Servine,Grass,,60.0,60.0,75.0,60.0,75.0,83.0,413.0,5.0,0.0
497,Serperior,Grass,,75.0,75.0,95.0,75.0,95.0,113.0,528.0,5.0,0.0
498,Tepig,Fire,,65.0,63.0,45.0,45.0,45.0,45.0,308.0,5.0,0.0
499,Pignite,Fire,Fighting,90.0,93.0,55.0,70.0,55.0,55.0,418.0,5.0,0.0
500,Emboar,Fire,Fighting,110.0,123.0,65.0,100.0,65.0,65.0,528.0,5.0,0.0
501,Oshawott,Water,,55.0,55.0,45.0,63.0,45.0,45.0,308.0,5.0,0.0
502,Dewott,Water,,75.0,75.0,60.0,83.0,60.0,60.0,413.0,5.0,0.0
503,Samurott,Water,,95.0,100.0,85.0,108.0,70.0,70.0,528.0,5.0,0.0
504,Patrat,Normal,,45.0,55.0,39.0,35.0,39.0,42.0,255.0,5.0,0.0
505,Watchog,Normal,,60.0,85.0,69.0,60.0,69.0,77.0,420.0,5.0,0.0
506,Lillipup,Normal,,45.0,60.0,45.0,25.0,45.0,55.0,275.0,5.0,0.0
507,Herdier,Normal,,65.0,80.0,65.0,35.0,65.0,60.0,370.0,5.0,0.0
508,Stoutland,Normal,,85.0,110.0,90.0,45.0,90.0,80.0,500.0,5.0,0.0
509,Purrloin,Dark,,41.0,50.0,37.0,50.0,37.0,66.0,281.0,5.0,0.0
510,Liepard,Dark,,64.0,88.0,50.0,88.0,50.0,106.0,446.0,5.0,0.0
511,Pansage,Grass,,50.0,53.0,48.0,53.0,48.0,64.0,316.0,5.0,0.0
512,Simisage,Grass,,75.0,98.0,63.0,98.0,63.0,101.0,498.0,5.0,0.0
513,Pansear,Fire,,50.0,53.0,48.0,53.0,48.0,64.0,316.0,5.0,0.0
514,Simisear,Fire,,75.0,98.0,63.0,98.0,63.0,101.0,498.0,5.0,0.0
515,Panpour,Water,,50.0,53.0,48.0,53.0,48.0,64.0,316.0,5.0,0.0
516,Simipour,Water,,75.0,98.0,63.0,98.0,63.0,101.0,498.0,5.0,0.0
517,Munna,Psychic,,76.0,25.0,45.0,67.0,55.0,24.0,292.0,5.0,0.0
518,Musharna,Psychic,,116.0,55.0,85.0,107.0,95.0,29.0,487.0,5.0,0.0
519,Pidove,Normal,Flying,50.0,55.0,50.0,36.0,30.0,43.0,264.0,5.0,0.0
520,Tranquill,Normal,Flying,62.0,77.0,62.0,50.0,42.0,65.0,358.0,5.0,0.0
521,Unfezant,Normal,Flying,80.0,115.0,80.0,65.0,55.0,93.0,488.0,5.0,0.0
522,Blitzle,Electric,,45.0,60.0,32.0,50.0,32.0,76.0,295.0,5.0,0.0
523,Zebstrika,Electric,,75.0,100.0,63.0,80.0,63.0,116.0,497.0,5.0,0.0
524,Roggenrola,Rock,,55.0,75.0,85.0,25.0,25.0,15.0,280.0,5.0,0.0
525,Boldore,Rock,,70.0,105.0,105.0,50.0,40.0,20.0,390.0,5.0,0.0
526,Gigalith,Rock,,85.0,135.0,130.0,60.0,80.0,25.0,515.0,5.0,0.0
527,Woobat,Psychic,Flying,65.0,45.0,43.0,55.0,43.0,72.0,323.0,5.0,0.0
528,Swoobat,Psychic,Flying,67.0,57.0,55.0,77.0,55.0,114.0,425.0,5.0,0.0
529,Drilbur,Ground,,60.0,85.0,40.0,30.0,45.0,68.0,328.0,5.0,0.0
530,Excadrill,Ground,Steel,110.0,135.0,60.0,50.0,65.0,88.0,508.0,5.0,0.0
531,Audino,Normal,,103.0,60.0,86.0,60.0,86.0,50.0,445.0,5.0,0.0
532,Timburr,Fighting,,75.0,80.0,55.0,25.0,35.0,35.0,305.0,5.0,0.0
533,Gurdurr,Fighting,,85.0,105.0,85.0,40.0,50.0,40.0,405.0,5.0,0.0
534,Conkeldurr,Fighting,,105.0,140.0,95.0,55.0,65.0,45.0,505.0,5.0,0.0
535,Tympole,Water,,50.0,50.0,40.0,50.0,40.0,64.0,294.0,5.0,0.0
536,Palpitoad,Water,Ground,75.0,65.0,55.0,65.0,55.0,69.0,384.0,5.0,0.0
537,Seismitoad,Water,Ground,105.0,95.0,75.0,85.0,75.0,74.0,509.0,5.0,0.0
538,Throh,Fighting,,120.0,100.0,85.0,30.0,85.0,45.0,465.0,5.0,0.0
539,Sawk,Fighting,,75.0,125.0,75.0,30.0,75.0,85.0,465.0,5.0,0.0
540,Sewaddle,Bug,Grass,45.0,53.0,70.0,40.0,60.0,42.0,310.0,5.0,0.0
541,Swadloon,Bug,Grass,55.0,63.0,90.0,50.0,80.0,42.0,380.0,5.0,0.0
542,Leavanny,Bug,Grass,75.0,103.0,80.0,70.0,80.0,92.0,500.0,5.0,0.0
543,Venipede,Bug,Poison,30.0,45.0,59.0,30.0,39.0,57.0,260.0,5.0,0.0
544,Whirlipede,Bug,Poison,40.0,55.0,99.0,40.0,79.0,47.0,360.0,5.0,0.0
545,Scolipede,Bug,Poison,60.0,100.0,89.0,55.0,69.0,112.0,485.0,5.0,0.0
546,Cottonee,Grass,Fairy,40.0,27.0,60.0,37.0,50.0,66.0,280.0,5.0,0.0
547,Whimsicott,Grass,Fairy,60.0,67.0,85.0,77.0,75.0,116.0,480.0,5.0,0.0
548,Petilil,Grass,,45.0,35.0,50.0,70.0,50.0,30.0,280.0,5.0,0.0
549,Lilligant,Grass,,70.0,60.0,75.0,110.0,75.0,90.0,480.0,5.0,0.0
550,Basculin,Water,,70.0,92.0,65.0,80.0,55.0,98.0,460.0,5.0,0.0
551,Sandile,Ground,Dark,50.0,72.0,35.0,35.0,35.0,65.0,292.0,5.0,0.0
552,Krokorok,Ground,Dark,60.0,82.0,45.0,45.0,45.0,74.0,351.0,5.0,0.0
553,Krookodile,Ground,Dark,95.0,117.0,80.0,65.0,70.0,92.0,519.0,5.0,0.0
554,Darumaka,Fire,,70.0,90.0,45.0,15.0,45.0,50.0,315.0,5.0,0.0
555,Darmanitan,Fire,,105.0,140.0,55.0,30.0,55.0,95.0,480.0,5.0,0.0
556,Maractus,Grass,,75.0,86.0,67.0,106.0,67.0,60.0,461.0,5.0,0.0
557,Dwebble,Bug,Rock,50.0,65.0,85.0,35.0,35.0,55.0,325.0,5.0,0.0
558,Crustle,Bug,Rock,70.0,105.0,125.0,65.0,75.0,45.0,485.0,5.0,0.0
559,Scraggy,Dark,Fighting,50.0,75.0,70.0,35.0,70.0,48.0,348.0,5.0,0.0
560,Scrafty,Dark,Fighting,65.0,90.0,115.0,45.0,115.0,58.0,488.0,5.0,0.0
561,Sigilyph,Psychic,Flying,72.0,58.0,80.0,103.0,80.0,97.0,490.0,5.0,0.0
562,Yamask,Ghost,,38.0,30.0,85.0,55.0,65.0,30.0,303.0,5.0,0.0
563,Cofagrigus,Ghost,,58.0,50.0,145.0,95.0,105.0,30.0,483.0,5.0,0.0
564,Tirtouga,Water,Rock,54.0,78.0,103.0,53.0,45.0,22.0,355.0,5.0,0.0
565,Carracosta,Water,Rock,74.0,108.0,133.0,83.0,65.0,32.0,495.0,5.0,0.0
566,Archen,Rock,Flying,55.0,112.0,45.0,74.0,45.0,70.0,401.0,5.0,0.0
567,Archeops,Rock,Flying,75.0,140.0,65.0,112.0,65.0,110.0,567.0,5.0,0.0
568,Trubbish,Poison,,50.0,50.0,62.0,40.0,62.0,65.0,329.0,5.0,0.0
569,Garbodor,Poison,,80.0,95.0,82.0,60.0,82.0,75.0,474.0,5.0,0.0
570,Zorua,Dark,,40.0,65.0,40.0,80.0,40.0,65.0,330.0,5.0,0.0
571,Zoroark,Dark,,60.0,105.0,60.0,120.0,60.0,105.0,510.0,5.0,0.0
572,Minccino,Normal,,55.0,50.0,40.0,40.0,40.0,75.0,300.0,5.0,0.0
573,Cinccino,Normal,,75.0,95.0,60.0,65.0,60.0,115.0,470.0,5.0,0.0
574,Gothita,Psychic,,45.0,30.0,50.0,55.0,65.0,45.0,290.0,5.0,0.0
575,Gothorita,Psychic,,60.0,45.0,70.0,75.0,85.0,55.0,390.0,5.0,0.0
576,Gothitelle,Psychic,,70.0,55.0,95.0,95.0,110.0,65.0,490.0,5.0,0.0
577,Solosis,Psychic,,45.0,30.0,40.0,105.0,50.0,20.0,290.0,5.0,0.0
578,Duosion,Psychic,,65.0,40.0,50.0,125.0,60.0,30.0,370.0,5.0,0.0
579,Reuniclus,Psychic,,110.0,65.0,75.0,125.0,85.0,30.0,490.0,5.0,0.0
580,Ducklett,Water,Flying,62.0,44.0,50.0,44.0,50.0,55.0,305.0,5.0,0.0
581,Swanna,Water,Flying,75.0,87.0,63.0,87.0,63.0,98.0,473.0,5.0,0.0
582,Vanillite,Ice,,36.0,50.0,50.0,65.0,60.0,44.0,305.0,5.0,0.0
583,Vanillish,Ice,,51.0,65.0,65.0,80.0,75.0,59.0,395.0,5.0,0.0
584,Vanilluxe,Ice,,71.0,95.0,85.0,110.0,95.0,79.0,535.0,5.0,0.0
585,Deerling,Normal,Grass,60.0,60.0,50.0,40.0,50.0,75.0,335.0,5.0,0.0
586,Sawsbuck,Normal,Grass,80.0,100.0,70.0,60.0,70.0,95.0,475.0,5.0,0.0
587,Emolga,Electric,Flying,55.0,75.0,60.0,75.0,60.0,103.0,428.0,5.0,0.0
588,Karrablast,Bug,,50.0,75.0,45.0,40.0,45.0,60.0,315.0,5.0,0.0
589,Escavalier,Bug,Steel,70.0,135.0,105.0,60.0,105.0,20.0,495.0,5.0,0.0
590,Foongus,Grass,Poison,69.0,55.0,45.0,55.0,55.0,15.0,294.0,5.0,0.0
591,Amoonguss,Grass,Poison,114.0,85.0,70.0,85.0,80.0,30.0,464.0,5.0,0.0
592,Frillish,Water,Ghost,55.0,40.0,50.0,65.0,85.0,40.0,335.0,5.0,0.0
593,Jellicent,Water,Ghost,100.0,60.0,70.0,85.0,105.0,60.0,480.0,5.0,0.0
594,Alomomola,Water,,165.0,75.0,80.0,40.0,45.0,65.0,470.0,5.0,0.0
595,Joltik,Bug,Electric,50.0,47.0,50.0,57.0,50.0,65.0,319.0,5.0,0.0
596,Galvantula,Bug,Electric,70.0,77.0,60.0,97.0,60.0,108.0,472.0,5.0,0.0
597,Ferroseed,Grass,Steel,44.0,50.0,91.0,24.0,86.0,10.0,305.0,5.0,0.0
598,Ferrothorn,Grass,Steel,74.0,94.0,131.0,54.0,116.0,20.0,489.0,5.0,0.0
599,Klink,Steel,,40.0,55.0,70.0,45.0,60.0,30.0,300.0,5.0,0.0
600,Klang,Steel,,60.0,80.0,95.0,70.0,85.0,50.0,440.0,5.0,0.0
601,Klinklang,Steel,,60.0,100.0,115.0,70.0,85.0,90.0,520.0,5.0,0.0
602,Tynamo,Electric,,35.0,55.0,40.0,45.0,40.0,60.0,275.0,5.0,0.0
603,Eelektrik,Electric,,65.0,85.0,70.0,75.0,70.0,40.0,405.0,5.0,0.0
604,Eelektross,Electric,,85.0,115.0,80.0,105.0,80.0,50.0,515.0,5.0,0.0
605,Elgyem,Psychic,,55.0,55.0,55.0,85.0,55.0,30.0,335.0,5.0,0.0
606,Beheeyem,Psychic,,75.0,75.0,75.0,125.0,95.0,40.0,485.0,5.0,0.0
607,Litwick,Ghost,Fire,50.0,30.0,55.0,65.0,55.0,20.0,275.0,5.0,0.0
608,Lampent,Ghost,Fire,60.0,40.0,60.0,95.0,60.0,55.0,370.0,5.0,0.0
609,Chandelure,Ghost,Fire,60.0,55.0,90.0,145.0,90.0,80.0,520.0,5.0,0.0
610,Axew,Dragon,,46.0,87.0,60.0,30.0,40.0,57.0,320.0,5.0,0.0
611,Fraxure,Dragon,,66.0,117.0,70.0,40.0,50.0,67.0,410.0,5.0,0.0
612,Haxorus,Dragon,,76.0,147.0,90.0,60.0,70.0,97.0,540.0,5.0,0.0
613,Cubchoo,Ice,,55.0,70.0,40.0,60.0,40.0,40.0,305.0,5.0,0.0
614,Beartic,Ice,,95.0,130.0,80.0,70.0,80.0,50.0,505.0,5.0,0.0
615,Cryogonal,Ice,,80.0,50.0,50.0,95.0,135.0,105.0,515.0,5.0,0.0
616,Shelmet,Bug,,50.0,40.0,85.0,40.0,65.0,25.0,305.0,5.0,0.0
617,Accelgor,Bug,,80.0,70.0,40.0,100.0,60.0,145.0,495.0,5.0,0.0
618,Stunfisk,Ground,Electric,109.0,66.0,84.0,81.0,99.0,32.0,471.0,5.0,0.0
619,Mienfoo,Fighting,,45.0,85.0,50.0,55.0,50.0,65.0,350.0,5.0,0.0
620,Mienshao,Fighting,,65.0,125.0,60.0,95.0,60.0,105.0,510.0,5.0,0.0
621,Druddigon,Dragon,,77.0,120.0,90.0,60.0,90.0,48.0,485.0,5.0,0.0
622,Golett,Ground,Ghost,59.0,74.0,50.0,35.0,50.0,35.0,303.0,5.0,0.0
623,Golurk,Ground,Ghost,89.0,124.0,80.0,55.0,80.0,55.0,483.0,5.0,0.0
624,Pawniard,Dark,Steel,45.0,85.0,70.0,40.0,40.0,60.0,340.0,5.0,0.0
625,Bisharp,Dark,Steel,65.0,125.0,100.0,60.0,70.0,70.0,490.0,5.0,0.0
626,Bouffalant,Normal,,95.0,110.0,95.0,40.0,95.0,55.0,490.0,5.0,0.0
627,Rufflet,Normal,Flying,70.0,83.0,50.0,37.0,50.0,60.0,350.0,5.0,0.0
628,Braviary,Normal,Flying,100.0,123.0,75.0,57.0,75.0,80.0,510.0,5.0,0.0
629,Vullaby,Dark,Flying,70.0,55.0,75.0,45.0,65.0,60.0,370.0,5.0,0.0
630,Mandibuzz,Dark,Flying,110.0,65.0,105.0,55.0,95.0,80.0,510.0,5.0,0.0
631,Heatmor,Fire,,85.0,97.0,66.0,105.0,66.0,65.0,484.0,5.0,0.0
632,Durant,Bug,Steel,58.0,109.0,112.0,48.0,48.0,109.0,484.0,5.0,0.0
633,Deino,Dark,Dragon,52.0,65.0,50.0,45.0,50.0,38.0,300.0,5.0,0.0
634,Zweilous,Dark,Dragon,72.0,85.0,70.0,65.0,70.0,58.0,420.0,5.0,0.0
635,Hydreigon,Dark,Dragon,92.0,105.0,90.0,125.0,90.0,98.0,600.0,5.0,0.0
636,Larvesta,Bug,Fire,55.0,85.0,55.0,50.0,55.0,60.0,360.0,5.0,0.0
637,Volcarona,Bug,Fire,85.0,60.0,65.0,135.0,105.0,100.0,550.0,5.0,0.0
638,Cobalion,Steel,Fighting,91.0,90.0,129.0,90.0,72.0,108.0,580.0,5.0,1.0
639,Terrakion,Rock,Fighting,91.0,129.0,90.0,72.0,90.0,108.0,580.0,5.0,1.0
640,Virizion,Grass,Fighting,91.0,90.0,72.0,90.0,129.0,108.0,580.0,5.0,1.0
641,Tornadus,Flying,,79.0,115.0,70.0,125.0,80.0,111.0,580.0,5.0,1.0
642,Thundurus,Electric,Flying,79.0,115.0,70.0,125.0,80.0,111.0,580.0,5.0,1.0
643,Reshiram,Dragon,Fire,100.0,120.0,100.0,150.0,120.0,90.0,680.0,5.0,1.0
644,Zekrom,Dragon,Electric,100.0,150.0,120.0,120.0,100.0,90.0,680.0,5.0,1.0
645,Landorus,Ground,Flying,89.0,125.0,90.0,115.0,80.0,101.0,600.0,5.0,1.0
646,Kyurem,Dragon,Ice,125.0,130.0,90.0,130.0,90.0,95.0,660.0,5.0,1.0
647,Keldeo,Water,Fighting,91.0,72.0,90.0,129.0,90.0,108.0,580.0,5.0,1.0
648,Meloetta,Normal,Psychic,100.0,77.0,77.0,128.0,128.0,90.0,600.0,5.0,1.0
649,Genesect,Bug,Steel,71.0,120.0,95.0,120.0,95.0,99.0,600.0,5.0,1.0
650,Chespin,Grass,,56.0,61.0,65.0,48.0,45.0,38.0,313.0,6.0,0.0
651,Quilladin,Grass,,61.0,78.0,95.0,56.0,58.0,57.0,405.0,6.0,0.0
652,Chesnaught,Grass,Fighting,88.0,107.0,122.0,74.0,75.0,64.0,530.0,6.0,0.0
653,Fennekin,Fire,,40.0,45.0,40.0,62.0,60.0,60.0,307.0,6.0,0.0
654,Braixen,Fire,,59.0,59.0,58.0,90.0,70.0,73.0,409.0,6.0,0.0
655,Delphox,Fire,Psychic,75.0,69.0,72.0,114.0,100.0,104.0,534.0,6.0,0.0
656,Froakie,Water,,41.0,56.0,40.0,62.0,44.0,71.0,314.0,6.0,0.0
657,Frogadier,Water,,54.0,63.0,52.0,83.0,56.0,97.0,405.0,6.0,0.0
658,Greninja,Water,Dark,72.0,95.0,67.0,103.0,71.0,122.0,530.0,6.0,0.0
659,Bunnelby,Normal,,38.0,36.0,38.0,32.0,36.0,57.0,237.0,6.0,0.0
660,Diggersby,Normal,Ground,85.0,56.0,77.0,50.0,77.0,78.0,423.0,6.0,0.0
661,Fletchling,Normal,Flying,45.0,50.0,43.0,40.0,38.0,62.0,278.0,6.0,0.0
662,Fletchinder,Fire,Flying,62.0,73.0,55.0,56.0,52.0,84.0,382.0,6.0,0.0
663,Talonflame,Fire,Flying,78.0,81.0,71.0,74.0,69.0,126.0,499.0,6.0,0.0
664,Scatterbug,Bug,,38.0,35.0,40.0,27.0,25.0,35.0,200.0,6.0,0.0
665,Spewpa,Bug,,45.0,22.0,60.0,27.0,30.0,29.0,213.0,6.0,0.0
666,Vivillon,Bug,Flying,80.0,52.0,50.0,90.0,50.0,89.0,411.0,6.0,0.0
667,Litleo,Fire,Normal,62.0,50.0,58.0,73.0,54.0,72.0,369.0,6.0,0.0
668,Pyroar,Fire,Normal,86.0,68.0,72.0,109.0,66.0,106.0,507.0,6.0,0.0
669,Flabébé,Fairy,,44.0,38.0,39.0,61.0,79.0,42.0,303.0,6.0,0.0
670,Floette,Fairy,,54.0,45.0,47.0,75.0,98.0,52.0,371.0,6.0,0.0
671,Florges,Fairy,,78.0,65.0,68.0,112.0,154.0,75.0,552.0,6.0,0.0
672,Skiddo,Grass,,66.0,65.0,48.0,62.0,57.0,52.0,350.0,6.0,0.0
673,Gogoat,Grass,,123.0,100.0,62.0,97.0,81.0,68.0,531.0,6.0,0.0
674,Pancham,Fighting,,67.0,82.0,62.0,46.0,48.0,43.0,348.0,6.0,0.0
675,Pangoro,Fighting,Dark,95.0,124.0,78.0,69.0,71.0,58.0,495.0,6.0,0.0
676,Furfrou,Normal,,75.0,80.0,60.0,65.0,90.0,102.0,472.0,6.0,0.0
677,Espurr,Psychic,,62.0,48.0,54.0,63.0,60.0,68.0,355.0,6.0,0.0
678,Meowstic,Psychic,,74.0,48.0,76.0,83.0,81.0,104.0,466.0,6.0,0.0
679,Honedge,Steel,Ghost,45.0,80.0,100.0,35.0,37.0,28.0,325.0,6.0,0.0
680,Doublade,Steel,Ghost,59.0,110.0,150.0,45.0,49.0,35.0,448.0,6.0,0.0
681,Aegislash,Steel,Ghost,60.0,50.0,140.0,50.0,140.0,60.0,500.0,6.0,0.0
682,Spritzee,Fairy,,78.0,52.0,60.0,63.0,65.0,23.0,341.0,6.0,0.0
683,Aromatisse,Fairy,,101.0,72.0,72.0,99.0,89.0,29.0,462.0,6.0,0.0
684,Swirlix,Fairy,,62.0,48.0,66.0,59.0,57.0,49.0,341.0,6.0,0.0
685,Slurpuff,Fairy,,82.0,80.0,86.0,85.0,75.0,72.0,480.0,6.0,0.0
686,Inkay,Dark,Psychic,53.0,54.0,53.0,37.0,46.0,45.0,288.0,6.0,0.0
687,Malamar,Dark,Psychic,86.0,92.0,88.0,68.0,75.0,73.0,482.0,6.0,0.0
688,Binacle,Rock,Water,42.0,52.0,67.0,39.0,56.0,50.0,306.0,6.0,0.0
689,Barbaracle,Rock,Water,72.0,105.0,115.0,54.0,86.0,68.0,500.0,6.0,0.0
690,Skrelp,Poison,Water,50.0,60.0,60.0,60.0,60.0,30.0,320.0,6.0,0.0
691,Dragalge,Poison,Dragon,65.0,75.0,90.0,97.0,123.0,44.0,494.0,6.0,0.0
692,Clauncher,Water,,50.0,53.0,62.0,58.0,63.0,44.0,330.0,6.0,0.0
693,Clawitzer,Water,,71.0,73.0,88.0,120.0,89.0,59.0,500.0,6.0,0.0
694,Helioptile,Electric,Normal,44.0,38.0,33.0,61.0,43.0,70.0,289.0,6.0,0.0
695,Heliolisk,Electric,Normal,62.0,55.0,52.0,109.0,94.0,109.0,481.0,6.0,0.0
696,Tyrunt,Rock,Dragon,58.0,89.0,77.0,45.0,45.0,48.0,362.0,6.0,0.0
697,Tyrantrum,Rock,Dragon,82.0,121.0,119.0,69.0,59.0,71.0,521.0,6.0,0.0
698,Amaura,Rock,Ice,77.0,59.0,50.0,67.0,63.0,46.0,362.0,6.0,0.0
699,Aurorus,Rock,Ice,123.0,77.0,72.0,99.0,92.0,58.0,521.0,6.0,0.0
700,Sylveon,Fairy,,95.0,65.0,65.0,110.0,130.0,60.0,525.0,6.0,0.0
701,Hawlucha,Fighting,Flying,78.0,92.0,75.0,74.0,63.0,118.0,500.0,6.0,0.0
702,Dedenne,Electric,Fairy,67.0,58.0,57.0,81.0,67.0,101.0,431.0,6.0,0.0
703,Carbink,Rock,Fairy,50.0,50.0,150.0,50.0,150.0,50.0,500.0,6.0,0.0
704,Goomy,Dragon,,45.0,50.0,35.0,55.0,75.0,40.0,300.0,6.0,0.0
705,Sliggoo,Dragon,,68.0,75.0,53.0,83.0,113.0,60.0,452.0,6.0,0.0
706,Goodra,Dragon,,90.0,100.0,70.0,110.0,150.0,80.0,600.0,6.0,0.0
707,Klefki,Steel,Fairy,57.0,80.0,91.0,80.0,87.0,75.0,470.0,6.0,0.0
708,Phantump,Ghost,Grass,43.0,70.0,48.0,50.0,60.0,38.0,309.0,6.0,0.0
709,Trevenant,Ghost,Grass,85.0,110.0,76.0,65.0,82.0,56.0,474.0,6.0,0.0
710,Pumpkaboo,Ghost,Grass,49.0,66.0,70.0,44.0,55.0,51.0,335.0,6.0,0.0
711,Gourgeist,Ghost,Grass,65.0,90.0,122.0,58.0,75.0,84.0,494.0,6.0,0.0
712,Bergmite,Ice,,55.0,69.0,85.0,32.0,35.0,28.0,304.0,6.0,0.0
713,Avalugg,Ice,,95.0,117.0,184.0,44.0,46.0,28.0,514.0,6.0,0.0
714,Noibat,Flying,Dragon,40.0,30.0,35.0,45.0,40.0,55.0,245.0,6.0,0.0
715,Noivern,Flying,Dragon,85.0,70.0,80.0,97.0,80.0,123.0,535.0,6.0,0.0
716,Xerneas,Fairy,,126.0,131.0,95.0,131.0,98.0,99.0,680.0,6.0,1.0
717,Yveltal,Dark,Flying,126.0,131.0,95.0,131.0,98.0,99.0,680.0,6.0,1.0
718,Zygarde,Dragon,Ground,108.0,100.0,121.0,81.0,95.0,95.0,600.0,6.0,1.0
719,Diancie,Rock,Fairy,50.0,100.0,150.0,100.0,150.0,50.0,600.0,6.0,1.0
720,Hoopa,Psychic,Ghost,80.0,110.0,60.0,150.0,130.0,70.0,600.0,6.0,1.0
721,Volcanion,Fire,Water,80.0,110.0,120.0,130.0,90.0,70.0,600.0,6.0,1.0
722,Rowlet,Grass,Flying,68.0,55.0,55.0,50.0,50.0,42.0,320.0,7.0,0.0
723,Dartrix,Grass,Flying,78.0,75.0,75.0,70.0,70.0,52.0,420.0,7.0,0.0
724,Decidueye,Grass,Ghost,78.0,107.0,75.0,100.0,100.0,70.0,530.0,7.0,0.0
725,Litten,Fire,,45.0,65.0,40.0,60.0,40.0,70.0,320.0,7.0,0.0
726,Torracat,Fire,,65.0,85.0,50.0,80.0,50.0,90.0,420.0,7.0,0.0
727,Incineroar,Fire,Dark,95.0,115.0,90.0,80.0,90.0,60.0,530.0,7.0,0.0
728,Popplio,Water,,50.0,54.0,54.0,66.0,56.0,40.0,320.0,7.0,0.0
729,Brionne,Water,,60.0,69.0,69.0,91.0,81.0,50.0,420.0,7.0,0.0
730,Primarina,Water,Fairy,80.0,74.0,74.0,126.0,116.0,60.0,530.0,7.0,0.0
731,Pikipek,Normal,Flying,35.0,75.0,30.0,30.0,30.0,65.0,265.0,7.0,0.0
732,Trumbeak,Normal,Flying,55.0,85.0,50.0,40.0,50.0,75.0,355.0,7.0,0.0
733,Toucannon,Normal,Flying,80.0,120.0,75.0,75.0,75.0,60.0,485.0,7.0,0.0
734,Yungoos,Normal,,48.0,70.0,30.0,30.0,30.0,45.0,253.0,7.0,0.0
735,Gumshoos,Normal,,88.0,110.0,60.0,55.0,60.0,45.0,418.0,7.0,0.0
736,Grubbin,Bug,,47.0,62.0,45.0,55.0,45.0,46.0,300.0,7.0,0.0
737,Charjabug,Bug,Electric,57.0,82.0,95.0,55.0,75.0,36.0,400.0,7.0,0.0
738,Vikavolt,Bug,Electric,77.0,70.0,90.0,145.0,75.0,43.0,500.0,7.0,0.0
739,Crabrawler,Fighting,,47.0,82.0,57.0,42.0,47.0,63.0,338.0,7.0,0.0
740,Crabominable,Fighting,Ice,97.0,132.0,77.0,62.0,67.0,43.0,478.0,7.0,0.0
741,Oricorio,Fire,Flying,75.0,70.0,70.0,98.0,70.0,93.0,476.0,7.0,0.0
742,Cutiefly,Bug,Fairy,40.0,45.0,40.0,55.0,40.0,84.0,304.0,7.0,0.0
743,Ribombee,Bug,Fairy,60.0,55.0,60.0,95.0,70.0,124.0,464.0,7.0,0.0
744,Rockruff,Rock,,45.0,65.0,40.0,30.0,40.0,60.0,280.0,7.0,0.0
745,Lycanroc,Rock,,75.0,115.0,65.0,55.0,65.0,112.0,487.0,7.0,0.0
746,Wishiwashi,Water,,45.0,20.0,20.0,25.0,25.0,40.0,175.0,7.0,0.0
747,Mareanie,Poison,Water,50.0,53.0,62.0,43.0,52.0,45.0,305.0,7.0,0.0
748,Toxapex,Poison,Water,50.0,63.0,152.0,53.0,142.0,35.0,495.0,7.0,0.0
749,Mudbray,Ground,,70.0,100.0,70.0,45.0,55.0,45.0,385.0,7.0,0.0
750,Mudsdale,Ground,,100.0,125.0,100.0,55.0,85.0,35.0,500.0,7.0,0.0
751,Dewpider,Water,Bug,38.0,40.0,52.0,40.0,72.0,27.0,269.0,7.0,0.0
752,Araquanid,Water,Bug,68.0,70.0,92.0,50.0,132.0,42.0,454.0,7.0,0.0
753,Fomantis,Grass,,40.0,55.0,35.0,50.0,35.0,35.0,250.0,7.0,0.0
754,Lurantis,Grass,,70.0,105.0,90.0,80.0,90.0,45.0,480.0,7.0,0.0
755,Morelull,Grass,Fairy,40.0,35.0,55.0,65.0,75.0,15.0,285.0,7.0,0.0
756,Shiinotic,Grass,Fairy,60.0,45.0,80.0,90.0,100.0,30.0,405.0,7.0,0.0
757,Salandit,Poison,Fire,48.0,44.0,40.0,71.0,40.0,77.0,320.0,7.0,0.0
758,Salazzle,Poison,Fire,68.0,64.0,60.0,111.0,60.0,117.0,480.0,7.0,0.0
759,Stufful,Normal,Fighting,70.0,75.0,50.0,45.0,50.0,50.0,340.0,7.0,0.0
760,Bewear,Normal,Fighting,120.0,125.0,80.0,55.0,60.0,60.0,500.0,7.0,0.0
761,Bounsweet,Grass,,42.0,30.0,38.0,30.0,38.0,32.0,210.0,7.0,0.0
762,Steenee,Grass,,52.0,40.0,48.0,40.0,48.0,62.0,290.0,7.0,0.0
763,Tsareena,Grass,,72.0,120.0,98.0,50.0,98.0,72.0,510.0,7.0,0.0
764,Comfey,Fairy,,51.0,52.0,90.0,82.0,110.0,100.0,485.0,7.0,0.0
765,Oranguru,Normal,Psychic,90.0,60.0,80.0,90.0,110.0,60.0,490.0,7.0,0.0
766,Passimian,Fighting,,100.0,120.0,90.0,40.0,60.0,80.0,490.0,7.0,0.0
767,Wimpod,Bug,Water,25.0,35.0,40.0,20.0,30.0,80.0,230.0,7.0,0.0
768,Golisopod,Bug,Water,75.0,125.0,140.0,60.0,90.0,40.0,530.0,7.0,0.0
769,Sandygast,Ghost,Ground,55.0,55.0,80.0,70.0,45.0,15.0,320.0,7.0,0.0
770,Palossand,Ghost,Ground,85.0,75.0,110.0,100.0,75.0,35.0,480.0,7.0,0.0
771,Pyukumuku,Water,,55.0,60.0,130.0,30.0,130.0,5.0,410.0,7.0,0.0
773,Silvally,Normal,,95.0,95.0,95.0,95.0,95.0,95.0,570.0,7.0,1.0
774,Minior,Rock,Flying,60.0,60.0,100.0,60.0,100.0,60.0,440.0,7.0,0.0
775,Komala,Normal,,65.0,115.0,65.0,75.0,95.0,65.0,480.0,7.0,0.0
776,Turtonator,Fire,Dragon,60.0,78.0,135.0,91.0,85.0,36.0,485.0,7.0,0.0
777,Togedemaru,Electric,Steel,65.0,98.0,63.0,40.0,73.0,96.0,435.0,7.0,0.0
778,Mimikyu,Ghost,Fairy,55.0,90.0,80.0,50.0,105.0,96.0,476.0,7.0,0.0
779,Bruxish,Water,Psychic,68.0,105.0,70.0,70.0,70.0,92.0,475.0,7.0,0.0
780,Drampa,Normal,Dragon,78.0,60.0,85.0,135.0,91.0,36.0,485.0,7.0,0.0
781,Dhelmise,Ghost,Grass,70.0,131.0,100.0,86.0,90.0,40.0,517.0,7.0,0.0
785,TapuKoko,Electric,Fairy,70.0,115.0,85.0,95.0,75.0,130.0,570.0,7.0,1.0
786,TapuLele,Psychic,Fairy,70.0,85.0,75.0,130.0,115.0,95.0,570.0,7.0,1.0
787,TapuBulu,Grass,Fairy,70.0,130.0,115.0,85.0,95.0,75.0,570.0,7.0,1.0
788,TapuFini,Water,Fairy,70.0,75.0,115.0,95.0,130.0,85.0,570.0,7.0,1.0
789,Cosmog,Psychic,,43.0,29.0,31.0,29.0,31.0,37.0,200.0,7.0,1.0
790,Cosmoem,Psychic,,43.0,29.0,131.0,29.0,131.0,37.0,400.0,7.0,1.0
791,Solgaleo,Psychic,Steel,137.0,137.0,107.0,113.0,89.0,97.0,680.0,7.0,1.0
792,Lunala,Psychic,Ghost,137.0,113.0,89.0,137.0,107.0,97.0,680.0,7.0,1.0
793,Nihilego,Rock,Poison,109.0,53.0,47.0,127.0,131.0,103.0,570.0,7.0,1.0
794,Buzzwole,Bug,Fighting,107.0,139.0,139.0,53.0,53.0,79.0,570.0,7.0,1.0
795,Pheromosa,Bug,Fighting,71.0,137.0,37.0,137.0,37.0,151.0,570.0,7.0,1.0
796,Xurkitree,Electric,,83.0,89.0,71.0,173.0,71.0,83.0,570.0,7.0,1.0
797,Celesteela,Steel,Flying,97.0,101.0,103.0,107.0,101.0,61.0,570.0,7.0,1.0
798,Kartana,Grass,Steel,59.0,181.0,131.0,59.0,31.0,109.0,570.0,7.0,1.0
799,Guzzlord,Dark,Dragon,223.0,101.0,53.0,97.0,53.0,43.0,570.0,7.0,1.0
800,Necrozma,Psychic,,97.0,107.0,101.0,127.0,89.0,79.0,600.0,7.0,1.0
801,Magearna,Steel,Fairy,80.0,95.0,115.0,130.0,115.0,65.0,600.0,7.0,1.0
802,Marshadow,Fighting,Ghost,90.0,125.0,80.0,90.0,90.0,125.0,600.0,7.0,1.0
803,Poipole,Poison,,67.0,73.0,67.0,73.0,67.0,73.0,420.0,7.0,1.0
804,Naganadel,Poison,Dragon,73.0,73.0,73.0,127.0,73.0,121.0,540.0,7.0,1.0
805,Stakataka,Rock,Steel,61.0,131.0,211.0,53.0,101.0,13.0,570.0,7.0,1.0
806,Blacephalon,Fire,Ghost,53.0,127.0,53.0,151.0,79.0,107.0,570.0,7.0,1.0
807,Zeraora,Electric,,88.0,112.0,75.0,102.0,80.0,143.0,600.0,7.0,1.0
808,Meltan,Steel,,46.0,65.0,65.0,55.0,35.0,34.0,300.0,7.0,1.0
809,Melmetal,Steel,,135.0,143.0,143.0,80.0,65.0,34.0,600.0,7.0,1.0
810,Grookey,Grass,,50.0,65.0,50.0,40.0,40.0,65.0,310.0,8.0,0.0
811,Thwackey,Grass,,70.0,85.0,70.0,55.0,60.0,80.0,420.0,8.0,0.0
812,Rillaboom,Grass,,100.0,125.0,90.0,60.0,70.0,85.0,530.0,8.0,0.0
813,Scorbunny,Fire,,50.0,71.0,40.0,40.0,40.0,69.0,310.0,8.0,0.0
814,Raboot,Fire,,65.0,86.0,60.0,55.0,60.0,94.0,420.0,8.0,0.0
815,Cinderace,Fire,,80.0,116.0,75.0,65.0,75.0,119.0,530.0,8.0,0.0
816,Sobble,Water,,50.0,40.0,40.0,70.0,40.0,70.0,310.0,8.0,0.0
817,Drizzile,Water,,65.0,60.0,55.0,95.0,55.0,90.0,420.0,8.0,0.0
818,Inteleon,Water,,70.0,85.0,65.0,125.0,65.0,120.0,530.0,8.0,0.0
819,Skwovet,Normal,,70.0,55.0,55.0,35.0,35.0,25.0,275.0,8.0,0.0
820,Greedent,Normal,,120.0,95.0,95.0,55.0,75.0,20.0,460.0,8.0,0.0
821,Rookidee,Flying,,38.0,47.0,35.0,33.0,35.0,57.0,245.0,8.0,0.0
822,Corvisquire,Flying,,68.0,67.0,55.0,43.0,55.0,77.0,365.0,8.0,0.0
823,Corviknight,Flying,Steel,98.0,87.0,105.0,53.0,85.0,67.0,495.0,8.0,0.0
824,Blipbug,Bug,,25.0,20.0,20.0,25.0,45.0,45.0,180.0,8.0,0.0
825,Dottler,Bug,Psychic,50.0,35.0,80.0,50.0,90.0,30.0,335.0,8.0,0.0
826,Orbeetle,Bug,Psychic,60.0,45.0,110.0,80.0,120.0,90.0,505.0,8.0,0.0
827,Nickit,Dark,,40.0,28.0,28.0,47.0,52.0,50.0,245.0,8.0,0.0
828,Thievul,Dark,,70.0,58.0,58.0,87.0,92.0,90.0,455.0,8.0,0.0
829,Gossifleur,Grass,,40.0,40.0,60.0,40.0,60.0,10.0,250.0,8.0,0.0
830,Eldegoss,Grass,,60.0,50.0,90.0,80.0,120.0,60.0,460.0,8.0,0.0
831,Wooloo,Normal,,42.0,40.0,55.0,40.0,45.0,48.0,270.0,8.0,0.0
832,Dubwool,Normal,,72.0,80.0,100.0,60.0,90.0,88.0,490.0,8.0,0.0
833,Chewtle,Water,,50.0,64.0,50.0,38.0,38.0,44.0,284.0,8.0,0.0
834,Drednaw,Water,Rock,90.0,115.0,90.0,48.0,68.0,74.0,485.0,8.0,0.0
835,Yamper,Electric,,59.0,45.0,50.0,40.0,50.0,26.0,270.0,8.0,0.0
836,Boltund,Electric,,69.0,90.0,60.0,90.0,60.0,121.0,490.0,8.0,0.0
837,Rolycoly,Rock,,30.0,40.0,50.0,40.0,50.0,30.0,240.0,8.0,0.0
838,Carkol,Rock,Fire,80.0,60.0,90.0,60.0,70.0,50.0,410.0,8.0,0.0
839,Coalossal,Rock,Fire,110.0,80.0,120.0,80.0,90.0,30.0,510.0,8.0,0.0
840,Applin,Grass,Dragon,40.0,40.0,80.0,40.0,40.0,20.0,260.0,8.0,0.0
841,Flapple,Grass,Dragon,70.0,110.0,80.0,95.0,60.0,70.0,485.0,8.0,0.0
842,Appletun,Grass,Dragon,110.0,85.0,80.0,100.0,80.0,30.0,485.0,8.0,0.0
843,Silicobra,Ground,,52.0,57.0,75.0,35.0,50.0,46.0,315.0,8.0,0.0
844,Sandaconda,Ground,,72.0,107.0,125.0,65.0,70.0,71.0,510.0,8.0,0.0
845,Cramorant,Flying,Water,70.0,85.0,55.0,85.0,95.0,85.0,475.0,8.0,0.0
846,Arrokuda,Water,,41.0,63.0,40.0,40.0,30.0,66.0,280.0,8.0,0.0
847,Barraskewda,Water,,61.0,123.0,60.0,60.0,50.0,136.0,490.0,8.0,0.0
848,Toxel,Electric,Poison,40.0,38.0,35.0,54.0,35.0,40.0,242.0,8.0,0.0
849,Toxtricity,Electric,Poison,75.0,98.0,70.0,114.0,70.0,75.0,502.0,8.0,0.0
850,Sizzlipede,Fire,Bug,50.0,65.0,45.0,50.0,50.0,45.0,305.0,8.0,0.0
851,Centiskorch,Fire,Bug,100.0,115.0,65.0,90.0,90.0,65.0,525.0,8.0,0.0
852,Clobbopus,Fighting,,50.0,68.0,60.0,50.0,50.0,32.0,310.0,8.0,0.0
853,Grapploct,Fighting,,80.0,118.0,90.0,70.0,80.0,42.0,480.0,8.0,0.0
854,Sinistea,Ghost,,40.0,45.0,45.0,74.0,54.0,50.0,308.0,8.0,0.0
855,Polteageist,Ghost,,60.0,65.0,65.0,134.0,114.0,70.0,508.0,8.0,0.0
856,Hatenna,Psychic,,42.0,30.0,45.0,56.0,53.0,39.0,265.0,8.0,0.0
857,Hattrem,Psychic,,57.0,40.0,65.0,86.0,73.0,49.0,370.0,8.0,0.0
858,Hatterene,Psychic,Fairy,57.0,90.0,95.0,136.0,103.0,29.0,510.0,8.0,0.0
859,Impidimp,Dark,Fairy,45.0,45.0,30.0,55.0,40.0,50.0,265.0,8.0,0.0
860,Morgrem,Dark,Fairy,65.0,60.0,45.0,75.0,55.0,70.0,370.0,8.0,0.0
861,Grimmsnarl,Dark,Fairy,95.0,120.0,65.0,95.0,75.0,60.0,510.0,8.0,0.0
862,Obstagoon,Dark,Normal,93.0,90.0,101.0,60.0,81.0,95.0,520.0,8.0,0.0
863,Perrserker,Steel,,70.0,110.0,100.0,50.0,60.0,50.0,440.0,8.0,0.0
864,Cursola,Ghost,,60.0,95.0,50.0,145.0,130.0,30.0,510.0,8.0,0.0
866,Mr.Rime,Psychic,Ice,80.0,85.0,75.0,110.0,100.0,70.0,520.0,8.0,0.0
867,Runerigus,Ground,Ghost,58.0,95.0,145.0,50.0,105.0,30.0,483.0,8.0,0.0
868,Milcery,Fairy,,45.0,40.0,40.0,50.0,61.0,34.0,270.0,8.0,0.0
869,Alcremie,Fairy,,65.0,60.0,75.0,110.0,121.0,64.0,495.0,8.0,0.0
870,Falinks,Fighting,,65.0,100.0,100.0,70.0,60.0,75.0,470.0,8.0,0.0
871,Pincurchin,Electric,,48.0,101.0,95.0,91.0,85.0,15.0,435.0,8.0,0.0
872,Snom,Ice,Bug,30.0,25.0,35.0,45.0,30.0,20.0,185.0,8.0,0.0
873,Frosmoth,Ice,Bug,70.0,65.0,60.0,125.0,90.0,65.0,475.0,8.0,0.0
874,Stonjourner,Rock,,100.0,125.0,135.0,20.0,20.0,70.0,470.0,8.0,0.0
875,Eiscue,Ice,,75.0,80.0,110.0,65.0,90.0,50.0,470.0,8.0,0.0
876,Indeedee,Psychic,Normal,60.0,65.0,55.0,105.0,95.0,95.0,475.0,8.0,0.0
877,Morpeko,Electric,Dark,58.0,95.0,58.0,70.0,58.0,97.0,436.0,8.0,0.0
878,Cufant,Steel,,72.0,80.0,49.0,40.0,49.0,40.0,330.0,8.0,0.0
879,Copperajah,Steel,,122.0,130.0,69.0,80.0,69.0,30.0,500.0,8.0,0.0
880,Dracozolt,Electric,Dragon,90.0,100.0,90.0,80.0,70.0,75.0,505.0,8.0,0.0
881,Arctozolt,Electric,Ice,90.0,100.0,90.0,90.0,80.0,55.0,505.0,8.0,0.0
882,Dracovish,Water,Dragon,90.0,90.0,100.0,70.0,80.0,75.0,505.0,8.0,0.0
883,Arctovish,Water,Ice,90.0,90.0,100.0,80.0,90.0,55.0,505.0,8.0,0.0
884,Duraludon,Steel,Dragon,70.0,95.0,115.0,120.0,50.0,85.0,535.0,8.0,0.0
885,Dreepy,Dragon,Ghost,28.0,60.0,30.0,40.0,30.0,82.0,270.0,8.0,0.0
886,Drakloak,Dragon,Ghost,68.0,80.0,50.0,60.0,50.0,102.0,410.0,8.0,0.0
887,Dragapult,Dragon,Ghost,88.0,120.0,75.0,100.0,75.0,142.0,600.0,8.0,0.0
888,Zacian,Fairy,Steel,92.0,170.0,115.0,80.0,115.0,148.0,720.0,8.0,1.0
889,Zamazenta,Fighting,Steel,92.0,130.0,145.0,80.0,145.0,128.0,720.0,8.0,1.0
890,Eternatus,Poison,Dragon,140.0,85.0,95.0,145.0,95.0,130.0,690.0,8.0,1.0
891,Kubfu,Fighting,,60.0,90.0,60.0,53.0,50.0,72.0,385.0,8.0,1.0
892,Urshifu,Fighting,Dark,100.0,130.0,100.0,63.0,60.0,97.0,550.0,8.0,1.0
893,Zarude,Dark,Grass,105.0,120.0,105.0,70.0,95.0,105.0,600.0,8.0,1.0
894,Regieleki,Electric,,80.0,100.0,50.0,100.0,50.0,200.0,580.0,8.0,1.0
895,Regidrago,Dragon,,200.0,100.0,50.0,100.0,50.0,80.0,580.0,8.0,1.0
896,Glastrier,Ice,,100.0,145.0,130.0,65.0,110.0,30.0,580.0,8.0,1.0
897,Spectrier,Ghost,,100.0,65.0,60.0,145.0,80.0,130.0,580.0,8.0,1.0
898,Calyrex,Psychic,Grass,100.0,80.0,80.0,80.0,80.0,80.0,500.0,8.0,1.0
899,MimeJr,Psychic,Fairy,,,,,,,,,
900,Ho-Oh,Fire,Flying,106,130,90,110,154,90,680,2,1
901,Farfetch'D,Normal,Flying,52,90,55,58,62,60,377,1,0
902,Hakamo-O,Dragon,Fighting,55,75,90,65,70,65,420,7,0
903,Kommo-O,Dragon,Fighting,75,110,125,100,105,85,600,7,0
904,Sirfetch'D,Fighting,,62,135,95,68,82,65,507,8,0
905,Jangmo-O,Dragon,,45,55,65,45,45,45,300,7,0